<?xml version="1.0" encoding="UTF-8"?>

<CapabilityStatement xmlns="http://hl7.org/fhir">
  <id value="ips-server"/>
  <text>
    <status value="extensions"/><div xmlns="http://www.w3.org/1999/xhtml">Placeholder</div>
  </text>
  <url value="http://hl7.org/fhir/uv/ips/CapabilityStatement/ips-server"/>
  <version value="0.2.1"/>
  <name value="IpsServerCapabilityStatement"/>
  <title value="IPS Server Capability Statement"/>
  <status value="draft"/>
  <experimental value="false"/>
  <date value="2022-01-05T13:15:56.964-00:00"/>
  <publisher value="UP Manila Viral Hepatitis Project"/>
  <contact>
    <name value="UP Manila Viral Hepatitis Project"/>
    <telecom>
      <system value="url"/>
      <value value="http://ehealth4hepatitis.ph"/>
    </telecom>
  </contact>
  <description value="This section describes the expected capabilities of the IPS Server actor which is responsible for providing responses to the queries submitted for IPS documents. The list of FHIR profiles and operations supported by IPS Servers are defined."/>
  <jurisdiction>
    <coding>
      <system value="http://unstats.un.org/unsd/methods/m49/m49.htm"/>
      <code value="001"/>
    </coding>
  </jurisdiction>
  <copyright value="Used by permission of HL7 International, all rights reserved Creative Commons License"/>
  <kind value="requirements"/>
  <fhirVersion value="4.0.1"/>
  <format value="application/fhir+xml"/>
  <format value="xml"/>
  <format value="application/fhir+json"/>
  <format value="json"/>
  <rest>
    <mode value="server"/>
    <resource>
      <type value="Bundle"/>
      <profile value="http://hl7.org/fhir/StructureDefinition/Bundle"/>
      <supportedProfile value="http://hl7.org/fhir/uv/ips/StructureDefinition/Bundle-uv-ips">
        <extension url="http://hl7.org/fhir/StructureDefinition/capabilitystatement-expectation">
          <valueCode value="SHALL"/>
        </extension>
      </supportedProfile>
    </resource>
    <resource>
      <type value="Composition"/>
      <profile value="http://hl7.org/fhir/StructureDefinition/Composition"/>
      <supportedProfile value="http://hl7.org/fhir/uv/ips/StructureDefinition/Composition-uv-ips">
        <extension url="http://hl7.org/fhir/StructureDefinition/capabilitystatement-expectation">
          <valueCode value="SHALL"/>
        </extension>
      </supportedProfile>
    </resource>
    <resource>
      <type value="Patient"/>
      <profile value="http://hl7.org/fhir/StructureDefinition/Patient"/>
      <supportedProfile value="http://hl7.org/fhir/uv/ips/StructureDefinition/Patient-uv-ips">
        <extension url="http://hl7.org/fhir/StructureDefinition/capabilitystatement-expectation">
          <valueCode value="SHALL"/>
        </extension>
      </supportedProfile>
      <operation>
        <extension url="http://hl7.org/fhir/StructureDefinition/capabilitystatement-expectation">
          <valueCode value="SHOULD"/>
        </extension>
        <name value="summary"/>
        <definition value="http://hl7.org/fhir/uv/ips/OperationDefinition/summary"/>
      </operation>
    </resource>
    <resource>
      <type value="AllergyIntolerance"/>
      <profile value="http://hl7.org/fhir/StructureDefinition/AllergyIntolerance"/>
      <supportedProfile value="http://hl7.org/fhir/uv/ips/StructureDefinition/AllergyIntolerance-uv-ips">
        <extension url="http://hl7.org/fhir/StructureDefinition/capabilitystatement-expectation">
          <valueCode value="SHOULD"/>
        </extension>
      </supportedProfile>
    </resource>
    <resource>
      <type value="Condition"/>
      <profile value="http://hl7.org/fhir/StructureDefinition/Condition"/>
      <supportedProfile value="http://hl7.org/fhir/uv/ips/StructureDefinition/Condition-uv-ips">
        <extension url="http://hl7.org/fhir/StructureDefinition/capabilitystatement-expectation">
          <valueCode value="SHOULD"/>
        </extension>
      </supportedProfile>
    </resource>
    <resource>
      <type value="Device"/>
      <profile value="http://hl7.org/fhir/StructureDefinition/Device"/>
      <supportedProfile value="http://hl7.org/fhir/uv/ips/StructureDefinition/Device-uv-ips">
        <extension url="http://hl7.org/fhir/StructureDefinition/capabilitystatement-expectation">
          <valueCode value="SHOULD"/>
        </extension>
      </supportedProfile>
    </resource>
    <resource>
      <type value="DeviceUseStatement"/>
      <profile value="http://hl7.org/fhir/StructureDefinition/DeviceUseStatement"/>
      <supportedProfile value="http://hl7.org/fhir/uv/ips/StructureDefinition/DeviceUseStatement-uv-ips">
        <extension url="http://hl7.org/fhir/StructureDefinition/capabilitystatement-expectation">
          <valueCode value="SHOULD"/>
        </extension>
      </supportedProfile>
    </resource>
    <resource>
      <type value="DiagnosticReport"/>
      <profile value="http://hl7.org/fhir/StructureDefinition/DiagnosticReport"/>
      <supportedProfile value="http://hl7.org/fhir/uv/ips/StructureDefinition/DiagnosticReport-uv-ips">
        <extension url="http://hl7.org/fhir/StructureDefinition/capabilitystatement-expectation">
          <valueCode value="SHOULD"/>
        </extension>
      </supportedProfile>
    </resource>
    <resource>
      <type value="ImagingStudy"/>
      <profile value="http://hl7.org/fhir/StructureDefinition/ImagingStudy"/>
      <supportedProfile value="http://hl7.org/fhir/uv/ips/StructureDefinition/ImagingStudy-uv-ips">
        <extension url="http://hl7.org/fhir/StructureDefinition/capabilitystatement-expectation">
          <valueCode value="SHOULD"/>
        </extension>
      </supportedProfile>
    </resource>
    <resource>
      <type value="Immunization"/>
      <profile value="http://hl7.org/fhir/StructureDefinition/Immunization"/>
      <supportedProfile value="http://hl7.org/fhir/uv/ips/StructureDefinition/Immunization-uv-ips">
        <extension url="http://hl7.org/fhir/StructureDefinition/capabilitystatement-expectation">
          <valueCode value="SHOULD"/>
        </extension>
      </supportedProfile>
    </resource>
    <resource>
      <type value="Media"/>
      <profile value="http://hl7.org/fhir/StructureDefinition/Media"/>
      <supportedProfile value="http://hl7.org/fhir/uv/ips/StructureDefinition/Media-observation-uv-ips">
        <extension url="http://hl7.org/fhir/StructureDefinition/capabilitystatement-expectation">
          <valueCode value="SHOULD"/>
        </extension>
      </supportedProfile>
    </resource>
    <resource>
      <type value="Medication"/>
      <profile value="http://hl7.org/fhir/StructureDefinition/Medication"/>
      <supportedProfile value="http://hl7.org/fhir/uv/ips/StructureDefinition/Medication-uv-ips">
        <extension url="http://hl7.org/fhir/StructureDefinition/capabilitystatement-expectation">
          <valueCode value="SHOULD"/>
        </extension>
      </supportedProfile>
    </resource>
    <resource>
      <type value="MedicationRequest"/>
      <profile value="http://hl7.org/fhir/StructureDefinition/MedicationRequest"/>
      <supportedProfile value="http://hl7.org/fhir/uv/ips/StructureDefinition/MedicationRequest-uv-ips">
        <extension url="http://hl7.org/fhir/StructureDefinition/capabilitystatement-expectation">
          <valueCode value="SHOULD"/>
        </extension>
      </supportedProfile>
    </resource>
    <resource>
      <type value="MedicationStatement"/>
      <profile value="http://hl7.org/fhir/StructureDefinition/MedicationStatement"/>
      <supportedProfile value="http://hl7.org/fhir/uv/ips/StructureDefinition/MedicationStatement-uv-ips">
        <extension url="http://hl7.org/fhir/StructureDefinition/capabilitystatement-expectation">
          <valueCode value="SHOULD"/>
        </extension>
      </supportedProfile>
    </resource>
    <resource>
      <type value="Observation"/>
      <profile value="http://hl7.org/fhir/StructureDefinition/Observation"/>
      <supportedProfile value="http://hl7.org/fhir/uv/ips/StructureDefinition/Observation-pregnancy-edd-uv-ips">
        <extension url="http://hl7.org/fhir/StructureDefinition/capabilitystatement-expectation">
          <valueCode value="SHOULD"/>
        </extension>
      </supportedProfile>
      <supportedProfile value="http://hl7.org/fhir/uv/ips/StructureDefinition/Observation-pregnancy-status-uv-ips">
        <extension url="http://hl7.org/fhir/StructureDefinition/capabilitystatement-expectation">
          <valueCode value="SHOULD"/>
        </extension>
      </supportedProfile>
      <supportedProfile value="http://hl7.org/fhir/uv/ips/StructureDefinition/Observation-alcoholuse-uv-ips">
        <extension url="http://hl7.org/fhir/StructureDefinition/capabilitystatement-expectation">
          <valueCode value="SHOULD"/>
        </extension>
      </supportedProfile>
      <supportedProfile value="http://hl7.org/fhir/uv/ips/StructureDefinition/Observation-tobaccouse-uv-ips">
        <extension url="http://hl7.org/fhir/StructureDefinition/capabilitystatement-expectation">
          <valueCode value="SHOULD"/>
        </extension>
      </supportedProfile>
      <supportedProfile value="http://hl7.org/fhir/uv/ips/StructureDefinition/Observation-results-uv-ips">
        <extension url="http://hl7.org/fhir/StructureDefinition/capabilitystatement-expectation">
          <valueCode value="SHOULD"/>
        </extension>
      </supportedProfile>
      <supportedProfile value="http://hl7.org/fhir/uv/ips/StructureDefinition/Observation-results-laboratory-uv-ips">
        <extension url="http://hl7.org/fhir/StructureDefinition/capabilitystatement-expectation">
          <valueCode value="SHOULD"/>
        </extension>
      </supportedProfile>
      <supportedProfile value="http://hl7.org/fhir/uv/ips/StructureDefinition/Observation-results-pathology-uv-ips">
        <extension url="http://hl7.org/fhir/StructureDefinition/capabilitystatement-expectation">
          <valueCode value="SHOULD"/>
        </extension>
      </supportedProfile>
    </resource>
    <resource>
      <type value="Organization"/>
      <profile value="http://hl7.org/fhir/StructureDefinition/Organization"/>
      <supportedProfile value="http://hl7.org/fhir/uv/ips/StructureDefinition/Organization-uv-ips">
        <extension url="http://hl7.org/fhir/StructureDefinition/capabilitystatement-expectation">
          <valueCode value="SHOULD"/>
        </extension>
      </supportedProfile>
    </resource>
    <resource>
      <type value="Practitioner"/>
      <profile value="http://hl7.org/fhir/StructureDefinition/Practitioner"/>
      <supportedProfile value="http://hl7.org/fhir/uv/ips/StructureDefinition/Practitioner-uv-ips">
        <extension url="http://hl7.org/fhir/StructureDefinition/capabilitystatement-expectation">
          <valueCode value="SHOULD"/>
        </extension>
      </supportedProfile>
    </resource>
    <resource>
      <type value="PractitionerRole"/>
      <profile value="http://hl7.org/fhir/StructureDefinition/PractitionerRole"/>
      <supportedProfile value="http://hl7.org/fhir/uv/ips/StructureDefinition/PractitionerRole-uv-ips">
        <extension url="http://hl7.org/fhir/StructureDefinition/capabilitystatement-expectation">
          <valueCode value="SHOULD"/>
        </extension>
      </supportedProfile>
    </resource>
    <resource>
      <type value="Procedure"/>
      <profile value="http://hl7.org/fhir/StructureDefinition/Procedure"/>
      <supportedProfile value="http://hl7.org/fhir/uv/ips/StructureDefinition/Procedure-uv-ips">
        <extension url="http://hl7.org/fhir/StructureDefinition/capabilitystatement-expectation">
          <valueCode value="SHOULD"/>
        </extension>
      </supportedProfile>
    </resource>
    <resource>
      <type value="Specimen"/>
      <profile value="http://hl7.org/fhir/StructureDefinition/Specimen"/>
      <supportedProfile value="http://hl7.org/fhir/uv/ips/StructureDefinition/Specimen-uv-ips">
        <extension url="http://hl7.org/fhir/StructureDefinition/capabilitystatement-expectation">
          <valueCode value="SHOULD"/>
        </extension>
      </supportedProfile>
    </resource>
    <resource>
      <extension url="http://hl7.org/fhir/StructureDefinition/capabilitystatement-expectation">
        <valueCode value="SHOULD"/>
      </extension>
      <type value="DocumentReference"/>
      <profile value="http://hl7.org/fhir/StructureDefinition/DocumentReference"/>
      <operation>
        <extension url="http://hl7.org/fhir/StructureDefinition/capabilitystatement-expectation">
          <valueCode value="SHOULD"/>
        </extension>
        <name value="docref"/>
        <definition value="http://build.fhir.org/ig/HL7/fhir-ipa/OperationDefinition-docref"/>
      </operation>
    </resource>
    <resource>
      <extension url="http://hl7.org/fhir/StructureDefinition/capabilitystatement-expectation">
        <valueCode value="SHOULD"/>
      </extension>
      <type value="OperationDefinition"/>
      <profile value="http://hl7.org/fhir/StructureDefinition/OperationDefinition"/>
    </resource>
  </rest>
</CapabilityStatement>