<?xml version="1.0" encoding="UTF-8"?>

<Observation xmlns="http://hl7.org/fhir">
  <id value="2312"/>
  <meta>
    <versionId value="1"/>
    <lastUpdated value="2023-02-20T18:09:13.286+00:00"/>
    <source value="#TGUjIyq9OOH4sl10"/>
    <profile value="hhttps://up.smilecdr.com:8000/StructureDefinition/2311"/>
  </meta>
  <text>
    <status value="generated"/><div xmlns="http://www.w3.org/1999/xhtml"><p><b>Generated Narrative: Observation</b><a name="2312"> </a></p><div style="display: inline-block; background-color: #d9e0e7; padding: 6px; margin: 4px; border: 1px solid #8da1b4; border-radius: 5px; line-height: 60%"><p style="margin-bottom: 0px">Resource Observation &quot;2312&quot; Version &quot;1&quot; Updated &quot;2023-02-20 18:09:13+0000&quot; </p><p style="margin-bottom: 0px">Information Source: #TGUjIyq9OOH4sl10!</p><p style="margin-bottom: 0px">Profile: <code>hhttps://up.smilecdr.com:8000/StructureDefinition/2311</code></p></div><p><b>status</b>: final</p><p><b>category</b>: Social History <span style="background: LightGoldenRodYellow; margin: 4px; border: 1px solid khaki"> (<a href="http://terminology.hl7.org/5.3.0/CodeSystem-observation-category.html">Observation Category Codes</a>#social-history)</span></p><p><b>code</b>: Client of prostitutes <span style="background: LightGoldenRodYellow; margin: 4px; border: 1px solid khaki"> (<a href="https://browser.ihtsdotools.org/">SNOMED CT</a>#788159003)</span></p><p><b>subject</b>: <a href="Patient/POC1">Patient/POC1</a></p><p><b>effective</b>: 2022-04-28</p><p><b>value</b>: Yes <span style="background: LightGoldenRodYellow; margin: 4px; border: 1px solid khaki"> (<a href="https://browser.ihtsdotools.org/">SNOMED CT</a>#373066001)</span></p></div>
  </text>
  <status value="final"/>
  <category>
    <coding>
      <system value="http://terminology.hl7.org/CodeSystem/observation-category"/>
      <code value="social-history"/>
      <display value="Social History"/>
    </coding>
  </category>
  <code>
    <coding>
      <system value="http://snomed.info/sct"/>
      <code value="788159003"/>
      <display value="Client of prostitutes"/>
    </coding>
  </code>
  <subject>
    <reference value="Patient/POC1"/>
  </subject>
  <effectiveDateTime value="2022-04-28"/>
  <valueCodeableConcept>
    <coding>
      <system value="http://snomed.info/sct"/>
      <code value="373066001"/>
      <display value="Yes"/>
    </coding>
  </valueCodeableConcept>
</Observation>