<?xml version="1.0" encoding="UTF-8"?>

<OperationDefinition xmlns="http://hl7.org/fhir">
  <id value="summary"/>
  <text>
    <status value="extensions"/><div xmlns="http://www.w3.org/1999/xhtml">Placeholder</div>
  </text>
  <url value="http://hl7.org/fhir/uv/ips/OperationDefinition/summary"/>
  <version value="0.2.1"/>
  <name value="IpsSummary"/>
  <title value="IPS Summary"/>
  <status value="draft"/>
  <kind value="operation"/>
  <date value="2022-01-05T13:15:56.964-00:00"/>
  <publisher value="UP Manila Viral Hepatitis Project"/>
  <contact>
    <name value="UP Manila Viral Hepatitis Project"/>
    <telecom>
      <system value="url"/>
      <value value="http://ehealth4hepatitis.ph"/>
    </telecom>
  </contact>
  <description value="This operation is used to return a patient summary using the IPS profile."/>
  <jurisdiction>
    <coding>
      <system value="http://unstats.un.org/unsd/methods/m49/m49.htm"/>
      <code value="001"/>
    </coding>
  </jurisdiction>
  <affectsState value="false"/>
  <code value="summary"/>
  <resource value="Patient"/>
  <system value="false"/>
  <type value="true"/>
  <instance value="true"/>
  <parameter>
    <name value="identifer"/>
    <use value="in"/>
    <min value="0"/>
    <max value="1"/>
    <documentation value="When the logical id of the patient is not used, servers MAY choose to support patient selection based on provided identifier"/>
    <type value="Identifier"/>
  </parameter>
  <parameter>
    <name value="profile"/>
    <use value="in"/>
    <min value="0"/>
    <max value="1"/>
    <documentation value="A specific profile for the patient summary may be specified. By default, servers MAY use the [Bundle profile](./StructureDefinition-Bundle-uv-ips.html)"/>
    <type value="uri"/>
  </parameter>
  <parameter>
    <name value="graph"/>
    <use value="in"/>
    <min value="0"/>
    <max value="1"/>
    <documentation value="Servers MAY choose to allow any graph definition to be specified, but MAY require that the client choose a graph definition from a specific list of known supported definitions. The server is not required to support a formal definition of the graph on the end point"/>
    <type value="uri"/>
  </parameter>
  <parameter>
    <name value="return"/>
    <use value="out"/>
    <min value="0"/>
    <max value="1"/>
    <documentation value="The Bundle returned is a document conforming to the specified input profile parameter or the International Patient Summary [Bundle profile](./StructureDefinition-Bundle-uv-ips.html) (if not otherwise specified)"/>
    <type value="Bundle"/>
  </parameter>
</OperationDefinition>