{
  "package": "fhir.who.smart-ig-upvhproject",
  "version": "0.2.1",
  "fhirVersion": "4.0.1",
  "jurisdiction": "001",
  "extensions": [
    {
      "url": "https://up.smilecdr.com:8000/StructureDefinition/2131",
      "title": "FatherName",
      "types": [
        "string"
      ]
    },
    {
      "url": "https://up.smilecdr.com:8000/StructureDefinition/2132",
      "title": "MotherName",
      "types": [
        "string"
      ]
    }
  ],
  "profiles": {
    "Encounter": [
      {
        "url": "http://worldhealthorganization.github.io/smart-ig-upvhproject/StructureDefinition/2156",
        "title": "VHCEncounter"
      }
    ],
    "Condition": [
      {
        "url": "http://worldhealthorganization.github.io/smart-ig-upvhproject/StructureDefinition/2158",
        "title": "ConditionHepB"
      },
      {
        "url": "http://worldhealthorganization.github.io/smart-ig-upvhproject/StructureDefinition/2159",
        "title": "ConditionHepC"
      }
    ],
    "Patient": [
      {
        "url": "https://up.smilecdr.com:8000/StructureDefinition/2137",
        "title": "VHPatient2"
      }
    ]
  },
  "usage": {
    "http://hl7.org/fhir/StructureDefinition/elementdefinition-bestpractice": [
      "StructureDefinition.snapshot.element.constraint"
    ],
    "http://hl7.org/fhir/StructureDefinition/elementdefinition-bestpractice-explanation": [
      "StructureDefinition.snapshot.element.constraint"
    ],
    "http://hl7.org/fhir/StructureDefinition/elementdefinition-bindingName": [
      "StructureDefinition.snapshot.element.binding"
    ],
    "http://hl7.org/fhir/StructureDefinition/elementdefinition-isCommonBinding": [
      "StructureDefinition.snapshot.element.binding"
    ],
    "http://hl7.org/fhir/StructureDefinition/elementdefinition-maxValueSet": [
      "StructureDefinition.snapshot.element.binding"
    ],
    "http://hl7.org/fhir/StructureDefinition/elementdefinition-translatable": [
      "StructureDefinition.snapshot.element"
    ],
    "http://hl7.org/fhir/StructureDefinition/patient-nationality": [
      "Patient"
    ],
    "http://hl7.org/fhir/StructureDefinition/regex": [
      "StructureDefinition.snapshot.element.type"
    ],
    "http://hl7.org/fhir/StructureDefinition/structuredefinition-category": [
      "StructureDefinition"
    ],
    "http://hl7.org/fhir/StructureDefinition/structuredefinition-explicit-type-name": [
      "StructureDefinition.snapshot.element"
    ],
    "http://hl7.org/fhir/StructureDefinition/structuredefinition-fhir-type": [
      "StructureDefinition.snapshot.element.type"
    ],
    "http://hl7.org/fhir/StructureDefinition/structuredefinition-hierarchy": [
      "StructureDefinition.snapshot.element.type"
    ],
    "http://hl7.org/fhir/StructureDefinition/structuredefinition-security-category": [
      "StructureDefinition"
    ],
    "http://hl7.org/fhir/tools/StructureDefinition/ig-page-name": [
      "ImplementationGuide.definition.page",
      "ImplementationGuide.definition.page.page"
    ],
    "http://hl7.org/fhir/tools/StructureDefinition/ig-parameter": [
      "ImplementationGuide.definition"
    ],
    "http://hl7.org/fhir/tools/StructureDefinition/implementationguide-dependency-comment": [
      "ImplementationGuide.dependsOn"
    ],
    "http://hl7.org/fhir/tools/StructureDefinition/resource-information": [
      "ImplementationGuide.definition.resource"
    ],
    "https://up.smilecdr.com:8000/StructureDefinition/2131": [
      "Patient"
    ],
    "https://up.smilecdr.com:8000/StructureDefinition/2132": [
      "Patient"
    ]
  }
}