<?xml version="1.0" encoding="UTF-8"?><CapabilityStatement xmlns="http://hl7.org/fhir"><id value="ips-server"/><text><status value="extensions"/><div xmlns="http://www.w3.org/1999/xhtml"><h2>IpsServerCapabilityStatement</h2><div><p>This section describes the expected capabilities of the IPS Server actor which is responsible for providing responses to the queries submitted for IPS documents. The list of FHIR profiles and operations supported by IPS Servers are defined.</p>
</div><table><tr><td>Mode</td><td>SERVER</td></tr><tr><td>Description</td><td/></tr><tr><td>Transaction</td><td></td></tr><tr><td>System History</td><td></td></tr><tr><td>System Search</td><td></td></tr></table><table><tr><th><b>Resource Type</b></th><th><b>Profile</b></th><th><b title="GET a resource (read interaction)">Read</b></th><th><b title="GET all set of resources of the type (search interaction)">Search</b></th><th><b title="PUT a new resource version (update interaction)">Update</b></th><th><b title="POST a new resource (create interaction)">Create</b></th></tr><tr><td>Bundle</td><td><a href="http://hl7.org/fhir/StructureDefinition/Bundle">http://hl7.org/fhir/StructureDefinition/Bundle</a><br/>Additional supported profiles:<br/>  <a href="StructureDefinition-Bundle-uv-ips.html">Bundle - IPS</a></td><td></td><td></td><td></td><td></td></tr><tr><td>Composition</td><td><a href="http://hl7.org/fhir/StructureDefinition/Composition">http://hl7.org/fhir/StructureDefinition/Composition</a><br/>Additional supported profiles:<br/>  <a href="StructureDefinition-Composition-uv-ips.html">Composition (IPS)</a></td><td></td><td></td><td></td><td></td></tr><tr><td>Patient</td><td><a href="http://hl7.org/fhir/StructureDefinition/Patient">http://hl7.org/fhir/StructureDefinition/Patient</a><br/>Additional supported profiles:<br/>  <a href="StructureDefinition-Patient-uv-ips.html">Patient (IPS)</a></td><td></td><td></td><td></td><td></td></tr><tr><td>AllergyIntolerance</td><td><a href="http://hl7.org/fhir/StructureDefinition/AllergyIntolerance">http://hl7.org/fhir/StructureDefinition/AllergyIntolerance</a><br/>Additional supported profiles:<br/>  <a href="StructureDefinition-AllergyIntolerance-uv-ips.html">Allergy Intolerance (IPS)</a></td><td></td><td></td><td></td><td></td></tr><tr><td>Condition</td><td><a href="http://hl7.org/fhir/StructureDefinition/Condition">http://hl7.org/fhir/StructureDefinition/Condition</a><br/>Additional supported profiles:<br/>  <a href="StructureDefinition-Condition-uv-ips.html">Condition (IPS)</a></td><td></td><td></td><td></td><td></td></tr><tr><td>Device</td><td><a href="http://hl7.org/fhir/StructureDefinition/Device">http://hl7.org/fhir/StructureDefinition/Device</a><br/>Additional supported profiles:<br/>  <a href="StructureDefinition-Device-uv-ips.html">Device (IPS)</a></td><td></td><td></td><td></td><td></td></tr><tr><td>DeviceUseStatement</td><td><a href="http://hl7.org/fhir/StructureDefinition/DeviceUseStatement">http://hl7.org/fhir/StructureDefinition/DeviceUseStatement</a><br/>Additional supported profiles:<br/>  <a href="StructureDefinition-DeviceUseStatement-uv-ips.html">Device Use Statement (IPS)</a></td><td></td><td></td><td></td><td></td></tr><tr><td>DiagnosticReport</td><td><a href="http://hl7.org/fhir/StructureDefinition/DiagnosticReport">http://hl7.org/fhir/StructureDefinition/DiagnosticReport</a><br/>Additional supported profiles:<br/>  <a href="StructureDefinition-DiagnosticReport-uv-ips.html">DiagnosticReport (IPS)</a></td><td></td><td></td><td></td><td></td></tr><tr><td>ImagingStudy</td><td><a href="http://hl7.org/fhir/StructureDefinition/ImagingStudy">http://hl7.org/fhir/StructureDefinition/ImagingStudy</a><br/>Additional supported profiles:<br/>  <a href="StructureDefinition-ImagingStudy-uv-ips.html">Imaging Study (IPS)</a></td><td></td><td></td><td></td><td></td></tr><tr><td>Immunization</td><td><a href="http://hl7.org/fhir/StructureDefinition/Immunization">http://hl7.org/fhir/StructureDefinition/Immunization</a><br/>Additional supported profiles:<br/>  <a href="StructureDefinition-Immunization-uv-ips.html">Immunization (IPS)</a></td><td></td><td></td><td></td><td></td></tr><tr><td>Media</td><td><a href="http://hl7.org/fhir/StructureDefinition/Media">http://hl7.org/fhir/StructureDefinition/Media</a><br/>Additional supported profiles:<br/>  <a href="StructureDefinition-Media-observation-uv-ips.html">Media observation (Results: laboratory, media)</a></td><td></td><td></td><td></td><td></td></tr><tr><td>Medication</td><td><a href="http://hl7.org/fhir/StructureDefinition/Medication">http://hl7.org/fhir/StructureDefinition/Medication</a><br/>Additional supported profiles:<br/>  <a href="StructureDefinition-Medication-uv-ips.html">Medication (IPS)</a></td><td></td><td></td><td></td><td></td></tr><tr><td>MedicationRequest</td><td><a href="http://hl7.org/fhir/StructureDefinition/MedicationRequest">http://hl7.org/fhir/StructureDefinition/MedicationRequest</a><br/>Additional supported profiles:<br/>  <a href="StructureDefinition-MedicationRequest-uv-ips.html">Medication Request (IPS)</a></td><td></td><td></td><td></td><td></td></tr><tr><td>MedicationStatement</td><td><a href="http://hl7.org/fhir/StructureDefinition/MedicationStatement">http://hl7.org/fhir/StructureDefinition/MedicationStatement</a><br/>Additional supported profiles:<br/>  <a href="StructureDefinition-MedicationStatement-uv-ips.html">Medication Statement (IPS)</a></td><td></td><td></td><td></td><td></td></tr><tr><td>Observation</td><td><a href="http://hl7.org/fhir/StructureDefinition/Observation">http://hl7.org/fhir/StructureDefinition/Observation</a><br/>Additional supported profiles:<br/>  <a href="StructureDefinition-Observation-pregnancy-edd-uv-ips.html">Observation - Pregnancy: EDD</a><br/>  <a href="StructureDefinition-Observation-pregnancy-status-uv-ips.html">Observation - Pregnancy: status</a><br/>  <a href="StructureDefinition-Observation-alcoholuse-uv-ips.html">Observation - SH: alcohol use</a><br/>  <a href="StructureDefinition-Observation-tobaccouse-uv-ips.html">Observation - SH: tobacco use</a><br/>  <a href="StructureDefinition-Observation-results-uv-ips.html">Observation Results (IPS)</a><br/>  <a href="StructureDefinition-Observation-results-laboratory-uv-ips.html">Observation Results: laboratory (IPS)</a><br/>  <a href="StructureDefinition-Observation-results-pathology-uv-ips.html">Observation Results: pathology (IPS)</a></td><td></td><td></td><td></td><td></td></tr><tr><td>Organization</td><td><a href="http://hl7.org/fhir/StructureDefinition/Organization">http://hl7.org/fhir/StructureDefinition/Organization</a><br/>Additional supported profiles:<br/>  <a href="StructureDefinition-Organization-uv-ips.html">Organization (IPS)</a></td><td></td><td></td><td></td><td></td></tr><tr><td>Practitioner</td><td><a href="http://hl7.org/fhir/StructureDefinition/Practitioner">http://hl7.org/fhir/StructureDefinition/Practitioner</a><br/>Additional supported profiles:<br/>  <a href="StructureDefinition-Practitioner-uv-ips.html">Practitioner (IPS)</a></td><td></td><td></td><td></td><td></td></tr><tr><td>PractitionerRole</td><td><a href="http://hl7.org/fhir/StructureDefinition/PractitionerRole">http://hl7.org/fhir/StructureDefinition/PractitionerRole</a><br/>Additional supported profiles:<br/>  <a href="StructureDefinition-PractitionerRole-uv-ips.html">PractitionerRole (IPS)</a></td><td></td><td></td><td></td><td></td></tr><tr><td>Procedure</td><td><a href="http://hl7.org/fhir/StructureDefinition/Procedure">http://hl7.org/fhir/StructureDefinition/Procedure</a><br/>Additional supported profiles:<br/>  <a href="StructureDefinition-Procedure-uv-ips.html">Procedure (IPS)</a></td><td></td><td></td><td></td><td></td></tr><tr><td>Specimen</td><td><a href="http://hl7.org/fhir/StructureDefinition/Specimen">http://hl7.org/fhir/StructureDefinition/Specimen</a><br/>Additional supported profiles:<br/>  <a href="StructureDefinition-Specimen-uv-ips.html">Specimen (IPS)</a></td><td></td><td></td><td></td><td></td></tr><tr><td>DocumentReference</td><td><a href="http://hl7.org/fhir/StructureDefinition/DocumentReference">http://hl7.org/fhir/StructureDefinition/DocumentReference</a></td><td></td><td></td><td></td><td></td></tr><tr><td>OperationDefinition</td><td><a href="http://hl7.org/fhir/StructureDefinition/OperationDefinition">http://hl7.org/fhir/StructureDefinition/OperationDefinition</a></td><td></td><td></td><td></td><td></td></tr></table></div></text><url value="http://hl7.org/fhir/uv/ips/CapabilityStatement/ips-server"/><version value="0.2.1"/><name value="IpsServerCapabilityStatement"/><title value="IPS Server Capability Statement"/><status value="draft"/><experimental value="false"/><date value="2022-01-05T13:15:56.964-00:00"/><publisher value="UP Manila Viral Hepatitis Project"/><contact><name value="UP Manila Viral Hepatitis Project"/><telecom><system value="url"/><value value="http://ehealth4hepatitis.ph"/></telecom></contact><description value="This section describes the expected capabilities of the IPS Server actor which is responsible for providing responses to the queries submitted for IPS documents. The list of FHIR profiles and operations supported by IPS Servers are defined."/><jurisdiction><coding><system value="http://unstats.un.org/unsd/methods/m49/m49.htm"/><code value="001"/></coding></jurisdiction><copyright value="Used by permission of HL7 International, all rights reserved Creative Commons License"/><kind value="requirements"/><fhirVersion value="4.0.1"/><format value="application/fhir+xml"/><format value="xml"/><format value="application/fhir+json"/><format value="json"/><rest><mode value="server"/><resource><type value="Bundle"/><profile value="http://hl7.org/fhir/StructureDefinition/Bundle"/><supportedProfile value="http://hl7.org/fhir/uv/ips/StructureDefinition/Bundle-uv-ips"><extension url="http://hl7.org/fhir/StructureDefinition/capabilitystatement-expectation"><valueCode value="SHALL"/></extension></supportedProfile></resource><resource><type value="Composition"/><profile value="http://hl7.org/fhir/StructureDefinition/Composition"/><supportedProfile value="http://hl7.org/fhir/uv/ips/StructureDefinition/Composition-uv-ips"><extension url="http://hl7.org/fhir/StructureDefinition/capabilitystatement-expectation"><valueCode value="SHALL"/></extension></supportedProfile></resource><resource><type value="Patient"/><profile value="http://hl7.org/fhir/StructureDefinition/Patient"/><supportedProfile value="http://hl7.org/fhir/uv/ips/StructureDefinition/Patient-uv-ips"><extension url="http://hl7.org/fhir/StructureDefinition/capabilitystatement-expectation"><valueCode value="SHALL"/></extension></supportedProfile><operation><extension url="http://hl7.org/fhir/StructureDefinition/capabilitystatement-expectation"><valueCode value="SHOULD"/></extension><name value="summary"/><definition value="http://hl7.org/fhir/uv/ips/OperationDefinition/summary"/></operation></resource><resource><type value="AllergyIntolerance"/><profile value="http://hl7.org/fhir/StructureDefinition/AllergyIntolerance"/><supportedProfile value="http://hl7.org/fhir/uv/ips/StructureDefinition/AllergyIntolerance-uv-ips"><extension url="http://hl7.org/fhir/StructureDefinition/capabilitystatement-expectation"><valueCode value="SHOULD"/></extension></supportedProfile></resource><resource><type value="Condition"/><profile value="http://hl7.org/fhir/StructureDefinition/Condition"/><supportedProfile value="http://hl7.org/fhir/uv/ips/StructureDefinition/Condition-uv-ips"><extension url="http://hl7.org/fhir/StructureDefinition/capabilitystatement-expectation"><valueCode value="SHOULD"/></extension></supportedProfile></resource><resource><type value="Device"/><profile value="http://hl7.org/fhir/StructureDefinition/Device"/><supportedProfile value="http://hl7.org/fhir/uv/ips/StructureDefinition/Device-uv-ips"><extension url="http://hl7.org/fhir/StructureDefinition/capabilitystatement-expectation"><valueCode value="SHOULD"/></extension></supportedProfile></resource><resource><type value="DeviceUseStatement"/><profile value="http://hl7.org/fhir/StructureDefinition/DeviceUseStatement"/><supportedProfile value="http://hl7.org/fhir/uv/ips/StructureDefinition/DeviceUseStatement-uv-ips"><extension url="http://hl7.org/fhir/StructureDefinition/capabilitystatement-expectation"><valueCode value="SHOULD"/></extension></supportedProfile></resource><resource><type value="DiagnosticReport"/><profile value="http://hl7.org/fhir/StructureDefinition/DiagnosticReport"/><supportedProfile value="http://hl7.org/fhir/uv/ips/StructureDefinition/DiagnosticReport-uv-ips"><extension url="http://hl7.org/fhir/StructureDefinition/capabilitystatement-expectation"><valueCode value="SHOULD"/></extension></supportedProfile></resource><resource><type value="ImagingStudy"/><profile value="http://hl7.org/fhir/StructureDefinition/ImagingStudy"/><supportedProfile value="http://hl7.org/fhir/uv/ips/StructureDefinition/ImagingStudy-uv-ips"><extension url="http://hl7.org/fhir/StructureDefinition/capabilitystatement-expectation"><valueCode value="SHOULD"/></extension></supportedProfile></resource><resource><type value="Immunization"/><profile value="http://hl7.org/fhir/StructureDefinition/Immunization"/><supportedProfile value="http://hl7.org/fhir/uv/ips/StructureDefinition/Immunization-uv-ips"><extension url="http://hl7.org/fhir/StructureDefinition/capabilitystatement-expectation"><valueCode value="SHOULD"/></extension></supportedProfile></resource><resource><type value="Media"/><profile value="http://hl7.org/fhir/StructureDefinition/Media"/><supportedProfile value="http://hl7.org/fhir/uv/ips/StructureDefinition/Media-observation-uv-ips"><extension url="http://hl7.org/fhir/StructureDefinition/capabilitystatement-expectation"><valueCode value="SHOULD"/></extension></supportedProfile></resource><resource><type value="Medication"/><profile value="http://hl7.org/fhir/StructureDefinition/Medication"/><supportedProfile value="http://hl7.org/fhir/uv/ips/StructureDefinition/Medication-uv-ips"><extension url="http://hl7.org/fhir/StructureDefinition/capabilitystatement-expectation"><valueCode value="SHOULD"/></extension></supportedProfile></resource><resource><type value="MedicationRequest"/><profile value="http://hl7.org/fhir/StructureDefinition/MedicationRequest"/><supportedProfile value="http://hl7.org/fhir/uv/ips/StructureDefinition/MedicationRequest-uv-ips"><extension url="http://hl7.org/fhir/StructureDefinition/capabilitystatement-expectation"><valueCode value="SHOULD"/></extension></supportedProfile></resource><resource><type value="MedicationStatement"/><profile value="http://hl7.org/fhir/StructureDefinition/MedicationStatement"/><supportedProfile value="http://hl7.org/fhir/uv/ips/StructureDefinition/MedicationStatement-uv-ips"><extension url="http://hl7.org/fhir/StructureDefinition/capabilitystatement-expectation"><valueCode value="SHOULD"/></extension></supportedProfile></resource><resource><type value="Observation"/><profile value="http://hl7.org/fhir/StructureDefinition/Observation"/><supportedProfile value="http://hl7.org/fhir/uv/ips/StructureDefinition/Observation-pregnancy-edd-uv-ips"><extension url="http://hl7.org/fhir/StructureDefinition/capabilitystatement-expectation"><valueCode value="SHOULD"/></extension></supportedProfile><supportedProfile value="http://hl7.org/fhir/uv/ips/StructureDefinition/Observation-pregnancy-status-uv-ips"><extension url="http://hl7.org/fhir/StructureDefinition/capabilitystatement-expectation"><valueCode value="SHOULD"/></extension></supportedProfile><supportedProfile value="http://hl7.org/fhir/uv/ips/StructureDefinition/Observation-alcoholuse-uv-ips"><extension url="http://hl7.org/fhir/StructureDefinition/capabilitystatement-expectation"><valueCode value="SHOULD"/></extension></supportedProfile><supportedProfile value="http://hl7.org/fhir/uv/ips/StructureDefinition/Observation-tobaccouse-uv-ips"><extension url="http://hl7.org/fhir/StructureDefinition/capabilitystatement-expectation"><valueCode value="SHOULD"/></extension></supportedProfile><supportedProfile value="http://hl7.org/fhir/uv/ips/StructureDefinition/Observation-results-uv-ips"><extension url="http://hl7.org/fhir/StructureDefinition/capabilitystatement-expectation"><valueCode value="SHOULD"/></extension></supportedProfile><supportedProfile value="http://hl7.org/fhir/uv/ips/StructureDefinition/Observation-results-laboratory-uv-ips"><extension url="http://hl7.org/fhir/StructureDefinition/capabilitystatement-expectation"><valueCode value="SHOULD"/></extension></supportedProfile><supportedProfile value="http://hl7.org/fhir/uv/ips/StructureDefinition/Observation-results-pathology-uv-ips"><extension url="http://hl7.org/fhir/StructureDefinition/capabilitystatement-expectation"><valueCode value="SHOULD"/></extension></supportedProfile></resource><resource><type value="Organization"/><profile value="http://hl7.org/fhir/StructureDefinition/Organization"/><supportedProfile value="http://hl7.org/fhir/uv/ips/StructureDefinition/Organization-uv-ips"><extension url="http://hl7.org/fhir/StructureDefinition/capabilitystatement-expectation"><valueCode value="SHOULD"/></extension></supportedProfile></resource><resource><type value="Practitioner"/><profile value="http://hl7.org/fhir/StructureDefinition/Practitioner"/><supportedProfile value="http://hl7.org/fhir/uv/ips/StructureDefinition/Practitioner-uv-ips"><extension url="http://hl7.org/fhir/StructureDefinition/capabilitystatement-expectation"><valueCode value="SHOULD"/></extension></supportedProfile></resource><resource><type value="PractitionerRole"/><profile value="http://hl7.org/fhir/StructureDefinition/PractitionerRole"/><supportedProfile value="http://hl7.org/fhir/uv/ips/StructureDefinition/PractitionerRole-uv-ips"><extension url="http://hl7.org/fhir/StructureDefinition/capabilitystatement-expectation"><valueCode value="SHOULD"/></extension></supportedProfile></resource><resource><type value="Procedure"/><profile value="http://hl7.org/fhir/StructureDefinition/Procedure"/><supportedProfile value="http://hl7.org/fhir/uv/ips/StructureDefinition/Procedure-uv-ips"><extension url="http://hl7.org/fhir/StructureDefinition/capabilitystatement-expectation"><valueCode value="SHOULD"/></extension></supportedProfile></resource><resource><type value="Specimen"/><profile value="http://hl7.org/fhir/StructureDefinition/Specimen"/><supportedProfile value="http://hl7.org/fhir/uv/ips/StructureDefinition/Specimen-uv-ips"><extension url="http://hl7.org/fhir/StructureDefinition/capabilitystatement-expectation"><valueCode value="SHOULD"/></extension></supportedProfile></resource><resource><extension url="http://hl7.org/fhir/StructureDefinition/capabilitystatement-expectation"><valueCode value="SHOULD"/></extension><type value="DocumentReference"/><profile value="http://hl7.org/fhir/StructureDefinition/DocumentReference"/><operation><extension url="http://hl7.org/fhir/StructureDefinition/capabilitystatement-expectation"><valueCode value="SHOULD"/></extension><name value="docref"/><definition value="http://build.fhir.org/ig/HL7/fhir-ipa/OperationDefinition-docref"/></operation></resource><resource><extension url="http://hl7.org/fhir/StructureDefinition/capabilitystatement-expectation"><valueCode value="SHOULD"/></extension><type value="OperationDefinition"/><profile value="http://hl7.org/fhir/StructureDefinition/OperationDefinition"/></resource></rest></CapabilityStatement>