[
  {
    "id" : "ips-server",
    "type" : "CapabilityStatement",
    "url" : "http://hl7.org/fhir/uv/ips/CapabilityStatement/ips-server",
    "version" : "0.2.1",
    "name" : "IpsServerCapabilityStatement"
  },
  {
    "id" : "summary",
    "type" : "OperationDefinition",
    "url" : "http://hl7.org/fhir/uv/ips/OperationDefinition/summary",
    "version" : "0.2.1",
    "name" : "IpsSummary"
  },
  {
    "id" : "AllergyIntolerance-uv-ips",
    "type" : "StructureDefinition",
    "url" : "http://hl7.org/fhir/uv/ips/StructureDefinition/AllergyIntolerance-uv-ips",
    "version" : "0.2.1",
    "name" : "AllergyIntoleranceUvIps"
  },
  {
    "id" : "Bundle-uv-ips",
    "type" : "StructureDefinition",
    "url" : "http://hl7.org/fhir/uv/ips/StructureDefinition/Bundle-uv-ips",
    "version" : "0.2.1",
    "name" : "BundleUvIps"
  },
  {
    "id" : "CodeableConcept-uv-ips",
    "type" : "StructureDefinition",
    "url" : "http://hl7.org/fhir/uv/ips/StructureDefinition/CodeableConcept-uv-ips",
    "version" : "0.2.1",
    "name" : "CodeableConceptIPS"
  },
  {
    "id" : "Coding-uv-ips",
    "type" : "StructureDefinition",
    "url" : "http://hl7.org/fhir/uv/ips/StructureDefinition/Coding-uv-ips",
    "version" : "0.2.1",
    "name" : "CodingIPS"
  },
  {
    "id" : "Composition-uv-ips",
    "type" : "StructureDefinition",
    "url" : "http://hl7.org/fhir/uv/ips/StructureDefinition/Composition-uv-ips",
    "version" : "0.2.1",
    "name" : "CompositionUvIps"
  },
  {
    "id" : "Condition-uv-ips",
    "type" : "StructureDefinition",
    "url" : "http://hl7.org/fhir/uv/ips/StructureDefinition/Condition-uv-ips",
    "version" : "0.2.1",
    "name" : "ConditionUvIps"
  },
  {
    "id" : "Device-observer-uv-ips",
    "type" : "StructureDefinition",
    "url" : "http://hl7.org/fhir/uv/ips/StructureDefinition/Device-observer-uv-ips",
    "version" : "0.2.1",
    "name" : "DeviceObserverUvIps"
  },
  {
    "id" : "Device-uv-ips",
    "type" : "StructureDefinition",
    "url" : "http://hl7.org/fhir/uv/ips/StructureDefinition/Device-uv-ips",
    "version" : "0.2.1",
    "name" : "DeviceUvIps"
  },
  {
    "id" : "DeviceUseStatement-uv-ips",
    "type" : "StructureDefinition",
    "url" : "http://hl7.org/fhir/uv/ips/StructureDefinition/DeviceUseStatement-uv-ips",
    "version" : "0.2.1",
    "name" : "DeviceUseStatementUvIps"
  },
  {
    "id" : "DiagnosticReport-uv-ips",
    "type" : "StructureDefinition",
    "url" : "http://hl7.org/fhir/uv/ips/StructureDefinition/DiagnosticReport-uv-ips",
    "version" : "0.2.1",
    "name" : "DiagnosticReportUvIps"
  },
  {
    "id" : "ImagingStudy-uv-ips",
    "type" : "StructureDefinition",
    "url" : "http://hl7.org/fhir/uv/ips/StructureDefinition/ImagingStudy-uv-ips",
    "version" : "0.2.1",
    "name" : "ImagingStudyUvIps"
  },
  {
    "id" : "Immunization-uv-ips",
    "type" : "StructureDefinition",
    "url" : "http://hl7.org/fhir/uv/ips/StructureDefinition/Immunization-uv-ips",
    "version" : "0.2.1",
    "name" : "ImmunizationUvIps"
  },
  {
    "id" : "Media-observation-uv-ips",
    "type" : "StructureDefinition",
    "url" : "http://hl7.org/fhir/uv/ips/StructureDefinition/Media-observation-uv-ips",
    "version" : "0.2.1",
    "name" : "MediaObservationUvIps"
  },
  {
    "id" : "Medication-uv-ips",
    "type" : "StructureDefinition",
    "url" : "http://hl7.org/fhir/uv/ips/StructureDefinition/Medication-uv-ips",
    "version" : "0.2.1",
    "name" : "MedicationIPS"
  },
  {
    "id" : "MedicationRequest-uv-ips",
    "type" : "StructureDefinition",
    "url" : "http://hl7.org/fhir/uv/ips/StructureDefinition/MedicationRequest-uv-ips",
    "version" : "0.2.1",
    "name" : "MedicationRequestIPS"
  },
  {
    "id" : "MedicationStatement-uv-ips",
    "type" : "StructureDefinition",
    "url" : "http://hl7.org/fhir/uv/ips/StructureDefinition/MedicationStatement-uv-ips",
    "version" : "0.2.1",
    "name" : "MedicationStatementIPS"
  },
  {
    "id" : "Observation-alcoholuse-uv-ips",
    "type" : "StructureDefinition",
    "url" : "http://hl7.org/fhir/uv/ips/StructureDefinition/Observation-alcoholuse-uv-ips",
    "version" : "0.2.1",
    "name" : "ObservationAlcoholUseUvIps"
  },
  {
    "id" : "Observation-pregnancy-edd-uv-ips",
    "type" : "StructureDefinition",
    "url" : "http://hl7.org/fhir/uv/ips/StructureDefinition/Observation-pregnancy-edd-uv-ips",
    "version" : "0.2.1",
    "name" : "ObservationPregnancyEddUvIps"
  },
  {
    "id" : "Observation-pregnancy-outcome-uv-ips",
    "type" : "StructureDefinition",
    "url" : "http://hl7.org/fhir/uv/ips/StructureDefinition/Observation-pregnancy-outcome-uv-ips",
    "version" : "0.2.1",
    "name" : "ObservationPregnancyOutcomeUvIps"
  },
  {
    "id" : "Observation-pregnancy-status-uv-ips",
    "type" : "StructureDefinition",
    "url" : "http://hl7.org/fhir/uv/ips/StructureDefinition/Observation-pregnancy-status-uv-ips",
    "version" : "0.2.1",
    "name" : "ObservationPregnancyStatusUvIps"
  },
  {
    "id" : "Observation-results-laboratory-uv-ips",
    "type" : "StructureDefinition",
    "url" : "http://hl7.org/fhir/uv/ips/StructureDefinition/Observation-results-laboratory-uv-ips",
    "version" : "0.2.1",
    "name" : "ObservationResultsLaboratoryUvIps"
  },
  {
    "id" : "Observation-results-pathology-uv-ips",
    "type" : "StructureDefinition",
    "url" : "http://hl7.org/fhir/uv/ips/StructureDefinition/Observation-results-pathology-uv-ips",
    "version" : "0.2.1",
    "name" : "ObservationResultsPathologyUvIps"
  },
  {
    "id" : "Observation-results-radiology-uv-ips",
    "type" : "StructureDefinition",
    "url" : "http://hl7.org/fhir/uv/ips/StructureDefinition/Observation-results-radiology-uv-ips",
    "version" : "0.2.1",
    "name" : "ObservationResultsRadiologyUvIps"
  },
  {
    "id" : "Observation-results-uv-ips",
    "type" : "StructureDefinition",
    "url" : "http://hl7.org/fhir/uv/ips/StructureDefinition/Observation-results-uv-ips",
    "version" : "0.2.1",
    "name" : "ObservationResultsUvIps"
  },
  {
    "id" : "Observation-tobaccouse-uv-ips",
    "type" : "StructureDefinition",
    "url" : "http://hl7.org/fhir/uv/ips/StructureDefinition/Observation-tobaccouse-uv-ips",
    "version" : "0.2.1",
    "name" : "ObservationTobaccoUseUvIps"
  },
  {
    "id" : "Organization-uv-ips",
    "type" : "StructureDefinition",
    "url" : "http://hl7.org/fhir/uv/ips/StructureDefinition/Organization-uv-ips",
    "version" : "0.2.1",
    "name" : "OrganizationUvIps"
  },
  {
    "id" : "Patient-uv-ips",
    "type" : "StructureDefinition",
    "url" : "http://hl7.org/fhir/uv/ips/StructureDefinition/Patient-uv-ips",
    "version" : "0.2.1",
    "name" : "PatientUvIps"
  },
  {
    "id" : "Practitioner-uv-ips",
    "type" : "StructureDefinition",
    "url" : "http://hl7.org/fhir/uv/ips/StructureDefinition/Practitioner-uv-ips",
    "version" : "0.2.1",
    "name" : "PractitionerUvIps"
  },
  {
    "id" : "PractitionerRole-uv-ips",
    "type" : "StructureDefinition",
    "url" : "http://hl7.org/fhir/uv/ips/StructureDefinition/PractitionerRole-uv-ips",
    "version" : "0.2.1",
    "name" : "PractitionerRoleUvIps"
  },
  {
    "id" : "Procedure-uv-ips",
    "type" : "StructureDefinition",
    "url" : "http://hl7.org/fhir/uv/ips/StructureDefinition/Procedure-uv-ips",
    "version" : "0.2.1",
    "name" : "ProcedureUvIps"
  },
  {
    "id" : "Quantity-uv-ips",
    "type" : "StructureDefinition",
    "url" : "http://hl7.org/fhir/uv/ips/StructureDefinition/Quantity-uv-ips",
    "version" : "0.2.1",
    "name" : "QuantityIPS"
  },
  {
    "id" : "Range-uv-ips",
    "type" : "StructureDefinition",
    "url" : "http://hl7.org/fhir/uv/ips/StructureDefinition/Range-uv-ips",
    "version" : "0.2.1",
    "name" : "RangeIPS"
  },
  {
    "id" : "Ratio-uv-ips",
    "type" : "StructureDefinition",
    "url" : "http://hl7.org/fhir/uv/ips/StructureDefinition/Ratio-uv-ips",
    "version" : "0.2.1",
    "name" : "RatioIPS"
  },
  {
    "id" : "SimpleQuantity-uv-ips",
    "type" : "StructureDefinition",
    "url" : "http://hl7.org/fhir/uv/ips/StructureDefinition/SimpleQuantity-uv-ips",
    "version" : "0.2.1",
    "name" : "SimpleQuantityIPS"
  },
  {
    "id" : "Specimen-uv-ips",
    "type" : "StructureDefinition",
    "url" : "http://hl7.org/fhir/uv/ips/StructureDefinition/Specimen-uv-ips",
    "version" : "0.2.1",
    "name" : "SpecimenUvIps"
  },
  {
    "id" : "fhir.who.smart-ig-upvhproject",
    "type" : "ImplementationGuide",
    "url" : "http://worldhealthorganization.github.io/smart-ig-upvhproject/ImplementationGuide/fhir.who.smart-ig-upvhproject",
    "version" : "0.2.1",
    "name" : "smartigupvhproject"
  },
  {
    "id" : "1d160789-65c0-47bc-a874-dc2dfd0a87f1",
    "type" : "CodeSystem",
    "url" : "https://ontoserver.upmsilab.org/psgc1",
    "version" : "0.2.1",
    "name" : "Psgc1"
  },
  {
    "id" : "f69a0c8a-dded-4d0a-8fbf-36f713f707f6",
    "type" : "CodeSystem",
    "url" : "https://ontoserver.upmsilab.org/psgc10",
    "version" : "0.2.1",
    "name" : "Psgc10"
  },
  {
    "id" : "0dc9cd73-922c-45c3-b97b-e88499091fb7",
    "type" : "CodeSystem",
    "url" : "https://ontoserver.upmsilab.org/psgc11",
    "version" : "0.2.1",
    "name" : "Psgc11"
  },
  {
    "id" : "c3798377-894f-4495-b813-862b5e74ddb5",
    "type" : "CodeSystem",
    "url" : "https://ontoserver.upmsilab.org/psgc12",
    "version" : "0.2.1",
    "name" : "Psgc12"
  },
  {
    "id" : "881ef5c4-e344-4a6b-b04c-76d8c78f6531",
    "type" : "CodeSystem",
    "url" : "https://ontoserver.upmsilab.org/psgc13",
    "version" : "0.2.1",
    "name" : "Psgc13"
  },
  {
    "id" : "9b08be51-61ed-4fb0-89b1-28956af23653",
    "type" : "CodeSystem",
    "url" : "https://ontoserver.upmsilab.org/psgc2",
    "version" : "0.2.1",
    "name" : "Psgc2"
  },
  {
    "id" : "978c4066-1a18-483c-904f-0b77f28415b7",
    "type" : "CodeSystem",
    "url" : "https://ontoserver.upmsilab.org/psgc3",
    "version" : "0.2.1",
    "name" : "Psgc3"
  },
  {
    "id" : "c767ab11-70c7-4e46-9a4a-55364d9784f1",
    "type" : "CodeSystem",
    "url" : "https://ontoserver.upmsilab.org/psgc4A",
    "version" : "0.2.1",
    "name" : "Psgc4a"
  },
  {
    "id" : "0043e898-2e3a-4285-946a-5ae37e78fa8e",
    "type" : "CodeSystem",
    "url" : "https://ontoserver.upmsilab.org/psgc4B",
    "version" : "0.2.1",
    "name" : "Psgc4b"
  },
  {
    "id" : "49bf4e83-71e2-4aa7-b3cb-138f2c7a416a",
    "type" : "CodeSystem",
    "url" : "https://ontoserver.upmsilab.org/psgc5",
    "version" : "0.2.1",
    "name" : "Psgc5"
  },
  {
    "id" : "40bd5d06-7f39-43e5-9393-d97711924233",
    "type" : "CodeSystem",
    "url" : "https://ontoserver.upmsilab.org/psgc6",
    "version" : "0.2.1",
    "name" : "Psgc6"
  },
  {
    "id" : "cd7db9f5-9ec3-4e93-8ef4-d299b685cae8",
    "type" : "CodeSystem",
    "url" : "https://ontoserver.upmsilab.org/psgc7",
    "version" : "0.2.1",
    "name" : "Psgc7"
  },
  {
    "id" : "1ab7a522-13d9-47c4-b70b-3f9a00fed13b",
    "type" : "CodeSystem",
    "url" : "https://ontoserver.upmsilab.org/psgc8",
    "version" : "0.2.1",
    "name" : "Psgc8"
  },
  {
    "id" : "20a1ac6b-8007-432a-8e91-20437e29277f",
    "type" : "CodeSystem",
    "url" : "https://ontoserver.upmsilab.org/psgc9",
    "version" : "0.2.1",
    "name" : "Psgc9"
  },
  {
    "id" : "d6777e0f-e48d-4d7a-81bc-0f868fc94ac0",
    "type" : "CodeSystem",
    "url" : "https://ontoserver.upmsilab.org/psgcbrmm",
    "version" : "0.2.1",
    "name" : "Psgcbrmm"
  },
  {
    "id" : "3b392c94-b4c8-487a-a9ef-22c56c2f6979",
    "type" : "CodeSystem",
    "url" : "https://ontoserver.upmsilab.org/psgccar",
    "version" : "0.2.1",
    "name" : "Psgccar"
  },
  {
    "id" : "235ffd4c-6ebe-4bed-af3a-1e130c620ffa",
    "type" : "CodeSystem",
    "url" : "https://ontoserver.upmsilab.org/psgcncr",
    "version" : "0.2.1",
    "name" : "Psgcncr"
  },
  {
    "id" : "patient",
    "type" : "StructureDefinition",
    "url" : "https://up.smilecdr.com:8000/StructureDefinition/2137",
    "version" : "0.2.1",
    "name" : "patient"
  }
]
