<?xml version="1.0" encoding="UTF-8"?>

<Observation xmlns="http://hl7.org/fhir">
  <id value="2281"/>
  <meta>
    <versionId value="1"/>
    <lastUpdated value="2023-02-19T21:28:35.097+00:00"/>
    <source value="#sFIXF5P8FnJeXneY"/>
    <profile value="https://up.smilecdr.com:8000/StructureDefinition/2279"/>
  </meta>
  <text>
    <status value="generated"/><div xmlns="http://www.w3.org/1999/xhtml"><p><b>Generated Narrative: Observation</b><a name="2281"> </a></p><div style="display: inline-block; background-color: #d9e0e7; padding: 6px; margin: 4px; border: 1px solid #8da1b4; border-radius: 5px; line-height: 60%"><p style="margin-bottom: 0px">Resource Observation &quot;2281&quot; Version &quot;1&quot; Updated &quot;2023-02-19 21:28:35+0000&quot; </p><p style="margin-bottom: 0px">Information Source: #sFIXF5P8FnJeXneY!</p><p style="margin-bottom: 0px">Profile: <code>https://up.smilecdr.com:8000/StructureDefinition/2279</code></p></div><p><b>status</b>: final</p><p><b>category</b>: Social History <span style="background: LightGoldenRodYellow; margin: 4px; border: 1px solid khaki"> (<a href="http://terminology.hl7.org/5.0.0/CodeSystem-observation-category.html">Observation Category Codes</a>#social-history)</span></p><p><b>code</b>: Pregnancy status - Reported <span style="background: LightGoldenRodYellow; margin: 4px; border: 1px solid khaki"> (<a href="https://loinc.org/">LOINC</a>#11449-6)</span></p><p><b>subject</b>: <a href="Patient/1814">Patient/1814</a></p><p><b>value</b>: Pregnancy(true) <span style="background: LightGoldenRodYellow; margin: 4px; border: 1px solid khaki"> (<a href="https://browser.ihtsdotools.org/">SNOMED CT</a>#77386006)</span></p></div>
  </text>
  <status value="final"/>
  <category>
    <coding>
      <system value="http://terminology.hl7.org/CodeSystem/observation-category"/>
      <code value="social-history"/>
      <display value="Social History"/>
    </coding>
  </category>
  <code>
    <coding>
      <system value="http://loinc.org"/>
      <code value="11449-6"/>
      <display value="Pregnancy status - Reported"/>
    </coding>
  </code>
  <subject>
    <reference value="Patient/1814"/>
  </subject>
  <valueCodeableConcept>
    <coding>
      <system value="http://snomed.info/sct"/>
      <code value="77386006"/>
      <display value="Pregnancy(true)"/>
    </coding>
  </valueCodeableConcept>
</Observation>