{
  "resourceType" : "Observation",
  "id" : "2281",
  "meta" : {
    "versionId" : "1",
    "lastUpdated" : "2023-02-19T21:28:35.097+00:00",
    "source" : "#sFIXF5P8FnJeXneY",
    "profile" : ["https://up.smilecdr.com:8000/StructureDefinition/2279"]
  },
  "text" : {
    "status" : "generated",
    "div" : "<div xmlns=\"http://www.w3.org/1999/xhtml\"><p><b>Generated Narrative: Observation</b><a name=\"2281\"> </a></p><div style=\"display: inline-block; background-color: #d9e0e7; padding: 6px; margin: 4px; border: 1px solid #8da1b4; border-radius: 5px; line-height: 60%\"><p style=\"margin-bottom: 0px\">Resource Observation &quot;2281&quot; Version &quot;1&quot; Updated &quot;2023-02-19 21:28:35+0000&quot; </p><p style=\"margin-bottom: 0px\">Information Source: #sFIXF5P8FnJeXneY!</p><p style=\"margin-bottom: 0px\">Profile: <code>https://up.smilecdr.com:8000/StructureDefinition/2279</code></p></div><p><b>status</b>: final</p><p><b>category</b>: Social History <span style=\"background: LightGoldenRodYellow; margin: 4px; border: 1px solid khaki\"> (<a href=\"http://terminology.hl7.org/5.0.0/CodeSystem-observation-category.html\">Observation Category Codes</a>#social-history)</span></p><p><b>code</b>: Pregnancy status - Reported <span style=\"background: LightGoldenRodYellow; margin: 4px; border: 1px solid khaki\"> (<a href=\"https://loinc.org/\">LOINC</a>#11449-6)</span></p><p><b>subject</b>: <a href=\"Patient/1814\">Patient/1814</a></p><p><b>value</b>: Pregnancy(true) <span style=\"background: LightGoldenRodYellow; margin: 4px; border: 1px solid khaki\"> (<a href=\"https://browser.ihtsdotools.org/\">SNOMED CT</a>#77386006)</span></p></div>"
  },
  "status" : "final",
  "category" : [{
    "coding" : [{
      "system" : "http://terminology.hl7.org/CodeSystem/observation-category",
      "code" : "social-history",
      "display" : "Social History"
    }]
  }],
  "code" : {
    "coding" : [{
      "system" : "http://loinc.org",
      "code" : "11449-6",
      "display" : "Pregnancy status - Reported"
    }]
  },
  "subject" : {
    "reference" : "Patient/1814"
  },
  "valueCodeableConcept" : {
    "coding" : [{
      "system" : "http://snomed.info/sct",
      "code" : "77386006",
      "display" : "Pregnancy(true)"
    }]
  }
}