{
  "package": "fhir.who.smart-ig-upvhproject",
  "version": "0.2.1",
  "fhirVersion": "4.0.1",
  "jurisdiction": "001",
  "extensions": [],
  "profiles": {
    "AllergyIntolerance": [
      {
        "url": "http://hl7.org/fhir/uv/ips/StructureDefinition/AllergyIntolerance-uv-ips",
        "title": "Allergy Intolerance (IPS)"
      }
    ],
    "Bundle": [
      {
        "url": "http://hl7.org/fhir/uv/ips/StructureDefinition/Bundle-uv-ips",
        "title": "Bundle - IPS"
      }
    ],
    "Composition": [
      {
        "url": "http://hl7.org/fhir/uv/ips/StructureDefinition/Composition-uv-ips",
        "title": "Composition (IPS)"
      }
    ],
    "Condition": [
      {
        "url": "http://hl7.org/fhir/uv/ips/StructureDefinition/Condition-uv-ips",
        "title": "Condition (IPS)"
      }
    ],
    "Device": [
      {
        "url": "http://hl7.org/fhir/uv/ips/StructureDefinition/Device-observer-uv-ips",
        "title": "Device - performer, observer"
      },
      {
        "url": "http://hl7.org/fhir/uv/ips/StructureDefinition/Device-uv-ips",
        "title": "Device (IPS)"
      }
    ],
    "DeviceUseStatement": [
      {
        "url": "http://hl7.org/fhir/uv/ips/StructureDefinition/DeviceUseStatement-uv-ips",
        "title": "Device Use Statement (IPS)"
      }
    ],
    "DiagnosticReport": [
      {
        "url": "http://hl7.org/fhir/uv/ips/StructureDefinition/DiagnosticReport-uv-ips",
        "title": "DiagnosticReport (IPS)"
      }
    ],
    "ImagingStudy": [
      {
        "url": "http://hl7.org/fhir/uv/ips/StructureDefinition/ImagingStudy-uv-ips",
        "title": "Imaging Study (IPS)"
      }
    ],
    "Immunization": [
      {
        "url": "http://hl7.org/fhir/uv/ips/StructureDefinition/Immunization-uv-ips",
        "title": "Immunization (IPS)"
      }
    ],
    "Media": [
      {
        "url": "http://hl7.org/fhir/uv/ips/StructureDefinition/Media-observation-uv-ips",
        "title": "Media observation (Results: laboratory, media)"
      }
    ],
    "Medication": [
      {
        "url": "http://hl7.org/fhir/uv/ips/StructureDefinition/Medication-uv-ips",
        "title": "Medication (IPS)"
      }
    ],
    "MedicationRequest": [
      {
        "url": "http://hl7.org/fhir/uv/ips/StructureDefinition/MedicationRequest-uv-ips",
        "title": "Medication Request (IPS)"
      }
    ],
    "MedicationStatement": [
      {
        "url": "http://hl7.org/fhir/uv/ips/StructureDefinition/MedicationStatement-uv-ips",
        "title": "Medication Statement (IPS)"
      }
    ],
    "Observation": [
      {
        "url": "http://hl7.org/fhir/uv/ips/StructureDefinition/Observation-alcoholuse-uv-ips",
        "title": "Observation - SH: alcohol use"
      },
      {
        "url": "http://hl7.org/fhir/uv/ips/StructureDefinition/Observation-pregnancy-edd-uv-ips",
        "title": "Observation - Pregnancy: EDD"
      },
      {
        "url": "http://hl7.org/fhir/uv/ips/StructureDefinition/Observation-pregnancy-outcome-uv-ips",
        "title": "Observation - Pregnancy: outcome"
      },
      {
        "url": "http://hl7.org/fhir/uv/ips/StructureDefinition/Observation-pregnancy-status-uv-ips",
        "title": "Observation - Pregnancy: status"
      },
      {
        "url": "http://hl7.org/fhir/uv/ips/StructureDefinition/Observation-results-laboratory-uv-ips",
        "title": "Observation Results: laboratory (IPS)"
      },
      {
        "url": "http://hl7.org/fhir/uv/ips/StructureDefinition/Observation-results-pathology-uv-ips",
        "title": "Observation Results: pathology (IPS)"
      },
      {
        "url": "http://hl7.org/fhir/uv/ips/StructureDefinition/Observation-results-radiology-uv-ips",
        "title": "Observation Results: radiology (IPS)"
      },
      {
        "url": "http://hl7.org/fhir/uv/ips/StructureDefinition/Observation-results-uv-ips",
        "title": "Observation Results (IPS)"
      },
      {
        "url": "http://hl7.org/fhir/uv/ips/StructureDefinition/Observation-tobaccouse-uv-ips",
        "title": "Observation - SH: tobacco use"
      }
    ],
    "Organization": [
      {
        "url": "http://hl7.org/fhir/uv/ips/StructureDefinition/Organization-uv-ips",
        "title": "Organization (IPS)"
      }
    ],
    "Patient": [
      {
        "url": "https://up.smilecdr.com:8000/StructureDefinition/2137",
        "title": "patient"
      }
    ],
    "Practitioner": [
      {
        "url": "http://hl7.org/fhir/uv/ips/StructureDefinition/Practitioner-uv-ips",
        "title": "Practitioner (IPS)"
      }
    ],
    "PractitionerRole": [
      {
        "url": "http://hl7.org/fhir/uv/ips/StructureDefinition/PractitionerRole-uv-ips",
        "title": "PractitionerRole (IPS)"
      }
    ],
    "Procedure": [
      {
        "url": "http://hl7.org/fhir/uv/ips/StructureDefinition/Procedure-uv-ips",
        "title": "Procedure (IPS)"
      }
    ],
    "Specimen": [
      {
        "url": "http://hl7.org/fhir/uv/ips/StructureDefinition/Specimen-uv-ips",
        "title": "Specimen (IPS)"
      }
    ]
  },
  "usage": {
    "http://hl7.org/fhir/StructureDefinition/capabilitystatement-expectation": [
      "CapabilityStatement.rest.resource",
      "CapabilityStatement.rest.resource.operation",
      "CapabilityStatement.rest.resource.supportedProfile"
    ],
    "http://hl7.org/fhir/StructureDefinition/composition-clinicaldocument-versionNumber": [
      "Composition"
    ],
    "http://hl7.org/fhir/StructureDefinition/data-absent-reason": [
      "DeviceUseStatement.timing[x]",
      "DiagnosticReport.effective[x]",
      "Immunization.occurrence[x]",
      "MedicationRequest.dispenseRequest.validityPeriod",
      "MedicationStatement.effective[x]",
      "Observation.effective[x]",
      "Procedure.performed[x]"
    ],
    "http://hl7.org/fhir/StructureDefinition/elementdefinition-bestpractice": [
      "StructureDefinition.snapshot.element.constraint"
    ],
    "http://hl7.org/fhir/StructureDefinition/elementdefinition-bestpractice-explanation": [
      "StructureDefinition.snapshot.element.constraint"
    ],
    "http://hl7.org/fhir/StructureDefinition/elementdefinition-bindingName": [
      "StructureDefinition.differential.element.binding",
      "StructureDefinition.snapshot.element.binding"
    ],
    "http://hl7.org/fhir/StructureDefinition/elementdefinition-isCommonBinding": [
      "StructureDefinition.snapshot.element.binding"
    ],
    "http://hl7.org/fhir/StructureDefinition/elementdefinition-maxValueSet": [
      "StructureDefinition.snapshot.element.binding"
    ],
    "http://hl7.org/fhir/StructureDefinition/elementdefinition-translatable": [
      "StructureDefinition.differential.element",
      "StructureDefinition.snapshot.element"
    ],
    "http://hl7.org/fhir/StructureDefinition/elementdefinition-type-must-support": [
      "StructureDefinition.differential.element.type",
      "StructureDefinition.snapshot.element.type"
    ],
    "http://hl7.org/fhir/StructureDefinition/regex": [
      "StructureDefinition.snapshot.element.type"
    ],
    "http://hl7.org/fhir/StructureDefinition/structuredefinition-category": [
      "StructureDefinition"
    ],
    "http://hl7.org/fhir/StructureDefinition/structuredefinition-display-hint": [
      "StructureDefinition.differential.element",
      "StructureDefinition.snapshot.element"
    ],
    "http://hl7.org/fhir/StructureDefinition/structuredefinition-explicit-type-name": [
      "StructureDefinition.differential.element",
      "StructureDefinition.snapshot.element"
    ],
    "http://hl7.org/fhir/StructureDefinition/structuredefinition-fhir-type": [
      "StructureDefinition.snapshot.element.type"
    ],
    "http://hl7.org/fhir/StructureDefinition/structuredefinition-hierarchy": [
      "StructureDefinition.snapshot.element.type"
    ],
    "http://hl7.org/fhir/StructureDefinition/structuredefinition-security-category": [
      "StructureDefinition"
    ],
    "http://hl7.org/fhir/StructureDefinition/structuredefinition-standards-status": [
      "StructureDefinition.snapshot.element"
    ],
    "http://hl7.org/fhir/StructureDefinition/translation": [
      "Coding.display"
    ],
    "http://hl7.org/fhir/tools/StructureDefinition/additional-binding": [
      "StructureDefinition.differential.element.binding",
      "StructureDefinition.snapshot.element.binding"
    ],
    "http://hl7.org/fhir/tools/StructureDefinition/ig-internal-dependency": [
      "ImplementationGuide.definition"
    ],
    "http://hl7.org/fhir/tools/StructureDefinition/ig-page-name": [
      "ImplementationGuide.definition.page",
      "ImplementationGuide.definition.page.page"
    ],
    "http://hl7.org/fhir/tools/StructureDefinition/ig-parameter": [
      "ImplementationGuide.definition"
    ],
    "http://hl7.org/fhir/tools/StructureDefinition/implementationguide-dependency-comment": [
      "ImplementationGuide.dependsOn"
    ],
    "http://hl7.org/fhir/tools/StructureDefinition/resource-information": [
      "ImplementationGuide.definition.resource"
    ],
    "http://hl7.org/fhir/uv/ips/StructureDefinition/abatement-dateTime-uv-ips": [
      "AllergyIntolerance"
    ]
  }
}