{"resourceType":"CapabilityStatement","id":"ips-server","text":{"status":"extensions","div":"<div xmlns=\"http://www.w3.org/1999/xhtml\"><h2>IpsServerCapabilityStatement</h2><div><p>This section describes the expected capabilities of the IPS Server actor which is responsible for providing responses to the queries submitted for IPS documents. The list of FHIR profiles and operations supported by IPS Servers are defined.</p>\n</div><table><tr><td>Mode</td><td>SERVER</td></tr><tr><td>Description</td><td/></tr><tr><td>Transaction</td><td></td></tr><tr><td>System History</td><td></td></tr><tr><td>System Search</td><td></td></tr></table><table><tr><th><b>Resource Type</b></th><th><b>Profile</b></th><th><b title=\"GET a resource (read interaction)\">Read</b></th><th><b title=\"GET all set of resources of the type (search interaction)\">Search</b></th><th><b title=\"PUT a new resource version (update interaction)\">Update</b></th><th><b title=\"POST a new resource (create interaction)\">Create</b></th></tr><tr><td>Bundle</td><td><a href=\"http://hl7.org/fhir/StructureDefinition/Bundle\">http://hl7.org/fhir/StructureDefinition/Bundle</a><br/>Additional supported profiles:<br/>\u00a0\u00a0<a href=\"StructureDefinition-Bundle-uv-ips.html\">Bundle - IPS</a></td><td></td><td></td><td></td><td></td></tr><tr><td>Composition</td><td><a href=\"http://hl7.org/fhir/StructureDefinition/Composition\">http://hl7.org/fhir/StructureDefinition/Composition</a><br/>Additional supported profiles:<br/>\u00a0\u00a0<a href=\"StructureDefinition-Composition-uv-ips.html\">Composition (IPS)</a></td><td></td><td></td><td></td><td></td></tr><tr><td>Patient</td><td><a href=\"http://hl7.org/fhir/StructureDefinition/Patient\">http://hl7.org/fhir/StructureDefinition/Patient</a><br/>Additional supported profiles:<br/>\u00a0\u00a0<a href=\"StructureDefinition-Patient-uv-ips.html\">Patient (IPS)</a></td><td></td><td></td><td></td><td></td></tr><tr><td>AllergyIntolerance</td><td><a href=\"http://hl7.org/fhir/StructureDefinition/AllergyIntolerance\">http://hl7.org/fhir/StructureDefinition/AllergyIntolerance</a><br/>Additional supported profiles:<br/>\u00a0\u00a0<a href=\"StructureDefinition-AllergyIntolerance-uv-ips.html\">Allergy Intolerance (IPS)</a></td><td></td><td></td><td></td><td></td></tr><tr><td>Condition</td><td><a href=\"http://hl7.org/fhir/StructureDefinition/Condition\">http://hl7.org/fhir/StructureDefinition/Condition</a><br/>Additional supported profiles:<br/>\u00a0\u00a0<a href=\"StructureDefinition-Condition-uv-ips.html\">Condition (IPS)</a></td><td></td><td></td><td></td><td></td></tr><tr><td>Device</td><td><a href=\"http://hl7.org/fhir/StructureDefinition/Device\">http://hl7.org/fhir/StructureDefinition/Device</a><br/>Additional supported profiles:<br/>\u00a0\u00a0<a href=\"StructureDefinition-Device-uv-ips.html\">Device (IPS)</a></td><td></td><td></td><td></td><td></td></tr><tr><td>DeviceUseStatement</td><td><a href=\"http://hl7.org/fhir/StructureDefinition/DeviceUseStatement\">http://hl7.org/fhir/StructureDefinition/DeviceUseStatement</a><br/>Additional supported profiles:<br/>\u00a0\u00a0<a href=\"StructureDefinition-DeviceUseStatement-uv-ips.html\">Device Use Statement (IPS)</a></td><td></td><td></td><td></td><td></td></tr><tr><td>DiagnosticReport</td><td><a href=\"http://hl7.org/fhir/StructureDefinition/DiagnosticReport\">http://hl7.org/fhir/StructureDefinition/DiagnosticReport</a><br/>Additional supported profiles:<br/>\u00a0\u00a0<a href=\"StructureDefinition-DiagnosticReport-uv-ips.html\">DiagnosticReport (IPS)</a></td><td></td><td></td><td></td><td></td></tr><tr><td>ImagingStudy</td><td><a href=\"http://hl7.org/fhir/StructureDefinition/ImagingStudy\">http://hl7.org/fhir/StructureDefinition/ImagingStudy</a><br/>Additional supported profiles:<br/>\u00a0\u00a0<a href=\"StructureDefinition-ImagingStudy-uv-ips.html\">Imaging Study (IPS)</a></td><td></td><td></td><td></td><td></td></tr><tr><td>Immunization</td><td><a href=\"http://hl7.org/fhir/StructureDefinition/Immunization\">http://hl7.org/fhir/StructureDefinition/Immunization</a><br/>Additional supported profiles:<br/>\u00a0\u00a0<a href=\"StructureDefinition-Immunization-uv-ips.html\">Immunization (IPS)</a></td><td></td><td></td><td></td><td></td></tr><tr><td>Media</td><td><a href=\"http://hl7.org/fhir/StructureDefinition/Media\">http://hl7.org/fhir/StructureDefinition/Media</a><br/>Additional supported profiles:<br/>\u00a0\u00a0<a href=\"StructureDefinition-Media-observation-uv-ips.html\">Media observation (Results: laboratory, media)</a></td><td></td><td></td><td></td><td></td></tr><tr><td>Medication</td><td><a href=\"http://hl7.org/fhir/StructureDefinition/Medication\">http://hl7.org/fhir/StructureDefinition/Medication</a><br/>Additional supported profiles:<br/>\u00a0\u00a0<a href=\"StructureDefinition-Medication-uv-ips.html\">Medication (IPS)</a></td><td></td><td></td><td></td><td></td></tr><tr><td>MedicationRequest</td><td><a href=\"http://hl7.org/fhir/StructureDefinition/MedicationRequest\">http://hl7.org/fhir/StructureDefinition/MedicationRequest</a><br/>Additional supported profiles:<br/>\u00a0\u00a0<a href=\"StructureDefinition-MedicationRequest-uv-ips.html\">Medication Request (IPS)</a></td><td></td><td></td><td></td><td></td></tr><tr><td>MedicationStatement</td><td><a href=\"http://hl7.org/fhir/StructureDefinition/MedicationStatement\">http://hl7.org/fhir/StructureDefinition/MedicationStatement</a><br/>Additional supported profiles:<br/>\u00a0\u00a0<a href=\"StructureDefinition-MedicationStatement-uv-ips.html\">Medication Statement (IPS)</a></td><td></td><td></td><td></td><td></td></tr><tr><td>Observation</td><td><a href=\"http://hl7.org/fhir/StructureDefinition/Observation\">http://hl7.org/fhir/StructureDefinition/Observation</a><br/>Additional supported profiles:<br/>\u00a0\u00a0<a href=\"StructureDefinition-Observation-pregnancy-edd-uv-ips.html\">Observation - Pregnancy: EDD</a><br/>\u00a0\u00a0<a href=\"StructureDefinition-Observation-pregnancy-status-uv-ips.html\">Observation - Pregnancy: status</a><br/>\u00a0\u00a0<a href=\"StructureDefinition-Observation-alcoholuse-uv-ips.html\">Observation - SH: alcohol use</a><br/>\u00a0\u00a0<a href=\"StructureDefinition-Observation-tobaccouse-uv-ips.html\">Observation - SH: tobacco use</a><br/>\u00a0\u00a0<a href=\"StructureDefinition-Observation-results-uv-ips.html\">Observation Results (IPS)</a><br/>\u00a0\u00a0<a href=\"StructureDefinition-Observation-results-laboratory-uv-ips.html\">Observation Results: laboratory (IPS)</a><br/>\u00a0\u00a0<a href=\"StructureDefinition-Observation-results-pathology-uv-ips.html\">Observation Results: pathology (IPS)</a></td><td></td><td></td><td></td><td></td></tr><tr><td>Organization</td><td><a href=\"http://hl7.org/fhir/StructureDefinition/Organization\">http://hl7.org/fhir/StructureDefinition/Organization</a><br/>Additional supported profiles:<br/>\u00a0\u00a0<a href=\"StructureDefinition-Organization-uv-ips.html\">Organization (IPS)</a></td><td></td><td></td><td></td><td></td></tr><tr><td>Practitioner</td><td><a href=\"http://hl7.org/fhir/StructureDefinition/Practitioner\">http://hl7.org/fhir/StructureDefinition/Practitioner</a><br/>Additional supported profiles:<br/>\u00a0\u00a0<a href=\"StructureDefinition-Practitioner-uv-ips.html\">Practitioner (IPS)</a></td><td></td><td></td><td></td><td></td></tr><tr><td>PractitionerRole</td><td><a href=\"http://hl7.org/fhir/StructureDefinition/PractitionerRole\">http://hl7.org/fhir/StructureDefinition/PractitionerRole</a><br/>Additional supported profiles:<br/>\u00a0\u00a0<a href=\"StructureDefinition-PractitionerRole-uv-ips.html\">PractitionerRole (IPS)</a></td><td></td><td></td><td></td><td></td></tr><tr><td>Procedure</td><td><a href=\"http://hl7.org/fhir/StructureDefinition/Procedure\">http://hl7.org/fhir/StructureDefinition/Procedure</a><br/>Additional supported profiles:<br/>\u00a0\u00a0<a href=\"StructureDefinition-Procedure-uv-ips.html\">Procedure (IPS)</a></td><td></td><td></td><td></td><td></td></tr><tr><td>Specimen</td><td><a href=\"http://hl7.org/fhir/StructureDefinition/Specimen\">http://hl7.org/fhir/StructureDefinition/Specimen</a><br/>Additional supported profiles:<br/>\u00a0\u00a0<a href=\"StructureDefinition-Specimen-uv-ips.html\">Specimen (IPS)</a></td><td></td><td></td><td></td><td></td></tr><tr><td>DocumentReference</td><td><a href=\"http://hl7.org/fhir/StructureDefinition/DocumentReference\">http://hl7.org/fhir/StructureDefinition/DocumentReference</a></td><td></td><td></td><td></td><td></td></tr><tr><td>OperationDefinition</td><td><a href=\"http://hl7.org/fhir/StructureDefinition/OperationDefinition\">http://hl7.org/fhir/StructureDefinition/OperationDefinition</a></td><td></td><td></td><td></td><td></td></tr></table></div>"},"url":"http://hl7.org/fhir/uv/ips/CapabilityStatement/ips-server","version":"0.2.1","name":"IpsServerCapabilityStatement","title":"IPS Server Capability Statement","status":"draft","experimental":false,"date":"2022-01-05T13:15:56.964-00:00","publisher":"UP Manila Viral Hepatitis Project","contact":[{"name":"UP Manila Viral Hepatitis Project","telecom":[{"system":"url","value":"http://ehealth4hepatitis.ph"}]}],"description":"This section describes the expected capabilities of the IPS Server actor which is responsible for providing responses to the queries submitted for IPS documents. The list of FHIR profiles and operations supported by IPS Servers are defined.","jurisdiction":[{"coding":[{"system":"http://unstats.un.org/unsd/methods/m49/m49.htm","code":"001"}]}],"copyright":"Used by permission of HL7 International, all rights reserved Creative Commons License","kind":"requirements","fhirVersion":"4.0.1","format":["application/fhir+xml","xml","application/fhir+json","json"],"rest":[{"mode":"server","resource":[{"type":"Bundle","profile":"http://hl7.org/fhir/StructureDefinition/Bundle","supportedProfile":["http://hl7.org/fhir/uv/ips/StructureDefinition/Bundle-uv-ips"],"_supportedProfile":[{"extension":[{"url":"http://hl7.org/fhir/StructureDefinition/capabilitystatement-expectation","valueCode":"SHALL"}]}]},{"type":"Composition","profile":"http://hl7.org/fhir/StructureDefinition/Composition","supportedProfile":["http://hl7.org/fhir/uv/ips/StructureDefinition/Composition-uv-ips"],"_supportedProfile":[{"extension":[{"url":"http://hl7.org/fhir/StructureDefinition/capabilitystatement-expectation","valueCode":"SHALL"}]}]},{"type":"Patient","profile":"http://hl7.org/fhir/StructureDefinition/Patient","supportedProfile":["http://hl7.org/fhir/uv/ips/StructureDefinition/Patient-uv-ips"],"_supportedProfile":[{"extension":[{"url":"http://hl7.org/fhir/StructureDefinition/capabilitystatement-expectation","valueCode":"SHALL"}]}],"operation":[{"extension":[{"url":"http://hl7.org/fhir/StructureDefinition/capabilitystatement-expectation","valueCode":"SHOULD"}],"name":"summary","definition":"http://hl7.org/fhir/uv/ips/OperationDefinition/summary"}]},{"type":"AllergyIntolerance","profile":"http://hl7.org/fhir/StructureDefinition/AllergyIntolerance","supportedProfile":["http://hl7.org/fhir/uv/ips/StructureDefinition/AllergyIntolerance-uv-ips"],"_supportedProfile":[{"extension":[{"url":"http://hl7.org/fhir/StructureDefinition/capabilitystatement-expectation","valueCode":"SHOULD"}]}]},{"type":"Condition","profile":"http://hl7.org/fhir/StructureDefinition/Condition","supportedProfile":["http://hl7.org/fhir/uv/ips/StructureDefinition/Condition-uv-ips"],"_supportedProfile":[{"extension":[{"url":"http://hl7.org/fhir/StructureDefinition/capabilitystatement-expectation","valueCode":"SHOULD"}]}]},{"type":"Device","profile":"http://hl7.org/fhir/StructureDefinition/Device","supportedProfile":["http://hl7.org/fhir/uv/ips/StructureDefinition/Device-uv-ips"],"_supportedProfile":[{"extension":[{"url":"http://hl7.org/fhir/StructureDefinition/capabilitystatement-expectation","valueCode":"SHOULD"}]}]},{"type":"DeviceUseStatement","profile":"http://hl7.org/fhir/StructureDefinition/DeviceUseStatement","supportedProfile":["http://hl7.org/fhir/uv/ips/StructureDefinition/DeviceUseStatement-uv-ips"],"_supportedProfile":[{"extension":[{"url":"http://hl7.org/fhir/StructureDefinition/capabilitystatement-expectation","valueCode":"SHOULD"}]}]},{"type":"DiagnosticReport","profile":"http://hl7.org/fhir/StructureDefinition/DiagnosticReport","supportedProfile":["http://hl7.org/fhir/uv/ips/StructureDefinition/DiagnosticReport-uv-ips"],"_supportedProfile":[{"extension":[{"url":"http://hl7.org/fhir/StructureDefinition/capabilitystatement-expectation","valueCode":"SHOULD"}]}]},{"type":"ImagingStudy","profile":"http://hl7.org/fhir/StructureDefinition/ImagingStudy","supportedProfile":["http://hl7.org/fhir/uv/ips/StructureDefinition/ImagingStudy-uv-ips"],"_supportedProfile":[{"extension":[{"url":"http://hl7.org/fhir/StructureDefinition/capabilitystatement-expectation","valueCode":"SHOULD"}]}]},{"type":"Immunization","profile":"http://hl7.org/fhir/StructureDefinition/Immunization","supportedProfile":["http://hl7.org/fhir/uv/ips/StructureDefinition/Immunization-uv-ips"],"_supportedProfile":[{"extension":[{"url":"http://hl7.org/fhir/StructureDefinition/capabilitystatement-expectation","valueCode":"SHOULD"}]}]},{"type":"Media","profile":"http://hl7.org/fhir/StructureDefinition/Media","supportedProfile":["http://hl7.org/fhir/uv/ips/StructureDefinition/Media-observation-uv-ips"],"_supportedProfile":[{"extension":[{"url":"http://hl7.org/fhir/StructureDefinition/capabilitystatement-expectation","valueCode":"SHOULD"}]}]},{"type":"Medication","profile":"http://hl7.org/fhir/StructureDefinition/Medication","supportedProfile":["http://hl7.org/fhir/uv/ips/StructureDefinition/Medication-uv-ips"],"_supportedProfile":[{"extension":[{"url":"http://hl7.org/fhir/StructureDefinition/capabilitystatement-expectation","valueCode":"SHOULD"}]}]},{"type":"MedicationRequest","profile":"http://hl7.org/fhir/StructureDefinition/MedicationRequest","supportedProfile":["http://hl7.org/fhir/uv/ips/StructureDefinition/MedicationRequest-uv-ips"],"_supportedProfile":[{"extension":[{"url":"http://hl7.org/fhir/StructureDefinition/capabilitystatement-expectation","valueCode":"SHOULD"}]}]},{"type":"MedicationStatement","profile":"http://hl7.org/fhir/StructureDefinition/MedicationStatement","supportedProfile":["http://hl7.org/fhir/uv/ips/StructureDefinition/MedicationStatement-uv-ips"],"_supportedProfile":[{"extension":[{"url":"http://hl7.org/fhir/StructureDefinition/capabilitystatement-expectation","valueCode":"SHOULD"}]}]},{"type":"Observation","profile":"http://hl7.org/fhir/StructureDefinition/Observation","supportedProfile":["http://hl7.org/fhir/uv/ips/StructureDefinition/Observation-pregnancy-edd-uv-ips","http://hl7.org/fhir/uv/ips/StructureDefinition/Observation-pregnancy-status-uv-ips","http://hl7.org/fhir/uv/ips/StructureDefinition/Observation-alcoholuse-uv-ips","http://hl7.org/fhir/uv/ips/StructureDefinition/Observation-tobaccouse-uv-ips","http://hl7.org/fhir/uv/ips/StructureDefinition/Observation-results-uv-ips","http://hl7.org/fhir/uv/ips/StructureDefinition/Observation-results-laboratory-uv-ips","http://hl7.org/fhir/uv/ips/StructureDefinition/Observation-results-pathology-uv-ips"],"_supportedProfile":[{"extension":[{"url":"http://hl7.org/fhir/StructureDefinition/capabilitystatement-expectation","valueCode":"SHOULD"}]},{"extension":[{"url":"http://hl7.org/fhir/StructureDefinition/capabilitystatement-expectation","valueCode":"SHOULD"}]},{"extension":[{"url":"http://hl7.org/fhir/StructureDefinition/capabilitystatement-expectation","valueCode":"SHOULD"}]},{"extension":[{"url":"http://hl7.org/fhir/StructureDefinition/capabilitystatement-expectation","valueCode":"SHOULD"}]},{"extension":[{"url":"http://hl7.org/fhir/StructureDefinition/capabilitystatement-expectation","valueCode":"SHOULD"}]},{"extension":[{"url":"http://hl7.org/fhir/StructureDefinition/capabilitystatement-expectation","valueCode":"SHOULD"}]},{"extension":[{"url":"http://hl7.org/fhir/StructureDefinition/capabilitystatement-expectation","valueCode":"SHOULD"}]}]},{"type":"Organization","profile":"http://hl7.org/fhir/StructureDefinition/Organization","supportedProfile":["http://hl7.org/fhir/uv/ips/StructureDefinition/Organization-uv-ips"],"_supportedProfile":[{"extension":[{"url":"http://hl7.org/fhir/StructureDefinition/capabilitystatement-expectation","valueCode":"SHOULD"}]}]},{"type":"Practitioner","profile":"http://hl7.org/fhir/StructureDefinition/Practitioner","supportedProfile":["http://hl7.org/fhir/uv/ips/StructureDefinition/Practitioner-uv-ips"],"_supportedProfile":[{"extension":[{"url":"http://hl7.org/fhir/StructureDefinition/capabilitystatement-expectation","valueCode":"SHOULD"}]}]},{"type":"PractitionerRole","profile":"http://hl7.org/fhir/StructureDefinition/PractitionerRole","supportedProfile":["http://hl7.org/fhir/uv/ips/StructureDefinition/PractitionerRole-uv-ips"],"_supportedProfile":[{"extension":[{"url":"http://hl7.org/fhir/StructureDefinition/capabilitystatement-expectation","valueCode":"SHOULD"}]}]},{"type":"Procedure","profile":"http://hl7.org/fhir/StructureDefinition/Procedure","supportedProfile":["http://hl7.org/fhir/uv/ips/StructureDefinition/Procedure-uv-ips"],"_supportedProfile":[{"extension":[{"url":"http://hl7.org/fhir/StructureDefinition/capabilitystatement-expectation","valueCode":"SHOULD"}]}]},{"type":"Specimen","profile":"http://hl7.org/fhir/StructureDefinition/Specimen","supportedProfile":["http://hl7.org/fhir/uv/ips/StructureDefinition/Specimen-uv-ips"],"_supportedProfile":[{"extension":[{"url":"http://hl7.org/fhir/StructureDefinition/capabilitystatement-expectation","valueCode":"SHOULD"}]}]},{"extension":[{"url":"http://hl7.org/fhir/StructureDefinition/capabilitystatement-expectation","valueCode":"SHOULD"}],"type":"DocumentReference","profile":"http://hl7.org/fhir/StructureDefinition/DocumentReference","operation":[{"extension":[{"url":"http://hl7.org/fhir/StructureDefinition/capabilitystatement-expectation","valueCode":"SHOULD"}],"name":"docref","definition":"http://build.fhir.org/ig/HL7/fhir-ipa/OperationDefinition-docref"}]},{"extension":[{"url":"http://hl7.org/fhir/StructureDefinition/capabilitystatement-expectation","valueCode":"SHOULD"}],"type":"OperationDefinition","profile":"http://hl7.org/fhir/StructureDefinition/OperationDefinition"}]}]}