{"resourceType":"ImplementationGuide","id":"fhir.who.smart-ig-upvhproject","text":{"status":"extensions","div":"<div xmlns=\"http://www.w3.org/1999/xhtml\"><h2>smartigupvhproject</h2><p>The official URL for this implementation guide is: </p><pre>http://worldhealthorganization.github.io/smart-ig-upvhproject/ImplementationGuide/fhir.who.smart-ig-upvhproject</pre><div><p>This is a FHIR Implementation Guide for the project of University of the Philippines Manila entitled Monitoring the Chronic Viral Hepatitis Treatment Cascade Through Electronic Medical Records in the Philippines which is being funded by Gilead Sciences, coursed through the UP Manila Development Fund</p>\n</div></div>"},"url":"http://worldhealthorganization.github.io/smart-ig-upvhproject/ImplementationGuide/fhir.who.smart-ig-upvhproject","version":"0.2.1","name":"smartigupvhproject","title":"University of the Philippines Manila Viral Hepatitis Project Implementation Guide","status":"draft","date":"2022-10-25","publisher":"UP Manila Viral Hepatitis Project","contact":[{"name":"UP Manila Viral Hepatitis Project","telecom":[{"system":"url","value":"http://ehealth4hepatitis.ph"}]}],"description":"This is a FHIR Implementation Guide for the project of University of the Philippines Manila entitled Monitoring the Chronic Viral Hepatitis Treatment Cascade Through Electronic Medical Records in the Philippines which is being funded by Gilead Sciences, coursed through the UP Manila Development Fund","jurisdiction":[{"coding":[{"system":"http://unstats.un.org/unsd/methods/m49/m49.htm","code":"001"}]}],"packageId":"fhir.who.smart-ig-upvhproject","license":"CC0-1.0","fhirVersion":["4.0.1"],"dependsOn":[{"id":"hl7tx","extension":[{"url":"http://hl7.org/fhir/tools/StructureDefinition/implementationguide-dependency-comment","valueMarkdown":"Automatically added as a dependency - all IGs depend on HL7 Terminology"}],"uri":"http://terminology.hl7.org/ImplementationGuide/hl7.terminology","packageId":"hl7.terminology.r4","version":"5.0.0"},{"id":"hl7ext","extension":[{"url":"http://hl7.org/fhir/tools/StructureDefinition/implementationguide-dependency-comment","valueMarkdown":"Automatically added as a dependency - all IGs depend on the HL7 Extension Pack"}],"uri":"http://hl7.org/fhir/extensions/ImplementationGuide/hl7.fhir.uv.extensions","packageId":"hl7.fhir.uv.extensions.r4","version":"1.0.0"}],"definition":{"extension":[{"extension":[{"url":"code","valueString":"copyrightyear"},{"url":"value","valueString":"2021+"}],"url":"http://hl7.org/fhir/tools/StructureDefinition/ig-parameter"},{"extension":[{"url":"code","valueString":"releaselabel"},{"url":"value","valueString":"CI Build"}],"url":"http://hl7.org/fhir/tools/StructureDefinition/ig-parameter"},{"extension":[{"url":"code","valueString":"autoload-resources"},{"url":"value","valueString":"true"}],"url":"http://hl7.org/fhir/tools/StructureDefinition/ig-parameter"},{"extension":[{"url":"code","valueString":"path-liquid"},{"url":"value","valueString":"template/liquid"}],"url":"http://hl7.org/fhir/tools/StructureDefinition/ig-parameter"},{"extension":[{"url":"code","valueString":"path-liquid"},{"url":"value","valueString":"input/liquid"}],"url":"http://hl7.org/fhir/tools/StructureDefinition/ig-parameter"},{"extension":[{"url":"code","valueString":"path-qa"},{"url":"value","valueString":"temp/qa"}],"url":"http://hl7.org/fhir/tools/StructureDefinition/ig-parameter"},{"extension":[{"url":"code","valueString":"path-temp"},{"url":"value","valueString":"temp/pages"}],"url":"http://hl7.org/fhir/tools/StructureDefinition/ig-parameter"},{"extension":[{"url":"code","valueString":"path-output"},{"url":"value","valueString":"output"}],"url":"http://hl7.org/fhir/tools/StructureDefinition/ig-parameter"},{"extension":[{"url":"code","valueString":"path-suppressed-warnings"},{"url":"value","valueString":"input/ignoreWarnings.txt"}],"url":"http://hl7.org/fhir/tools/StructureDefinition/ig-parameter"},{"extension":[{"url":"code","valueString":"path-history"},{"url":"value","valueString":"http://worldhealthorganization.github.io/smart-ig-upvhproject/history.html"}],"url":"http://hl7.org/fhir/tools/StructureDefinition/ig-parameter"},{"extension":[{"url":"code","valueString":"template-html"},{"url":"value","valueString":"template-page.html"}],"url":"http://hl7.org/fhir/tools/StructureDefinition/ig-parameter"},{"extension":[{"url":"code","valueString":"template-md"},{"url":"value","valueString":"template-page-md.html"}],"url":"http://hl7.org/fhir/tools/StructureDefinition/ig-parameter"},{"extension":[{"url":"code","valueString":"apply-contact"},{"url":"value","valueString":"true"}],"url":"http://hl7.org/fhir/tools/StructureDefinition/ig-parameter"},{"extension":[{"url":"code","valueString":"apply-context"},{"url":"value","valueString":"true"}],"url":"http://hl7.org/fhir/tools/StructureDefinition/ig-parameter"},{"extension":[{"url":"code","valueString":"apply-copyright"},{"url":"value","valueString":"true"}],"url":"http://hl7.org/fhir/tools/StructureDefinition/ig-parameter"},{"extension":[{"url":"code","valueString":"apply-jurisdiction"},{"url":"value","valueString":"true"}],"url":"http://hl7.org/fhir/tools/StructureDefinition/ig-parameter"},{"extension":[{"url":"code","valueString":"apply-license"},{"url":"value","valueString":"true"}],"url":"http://hl7.org/fhir/tools/StructureDefinition/ig-parameter"},{"extension":[{"url":"code","valueString":"apply-publisher"},{"url":"value","valueString":"true"}],"url":"http://hl7.org/fhir/tools/StructureDefinition/ig-parameter"},{"extension":[{"url":"code","valueString":"apply-version"},{"url":"value","valueString":"true"}],"url":"http://hl7.org/fhir/tools/StructureDefinition/ig-parameter"},{"extension":[{"url":"code","valueString":"active-tables"},{"url":"value","valueString":"true"}],"url":"http://hl7.org/fhir/tools/StructureDefinition/ig-parameter"},{"extension":[{"url":"code","valueString":"fmm-definition"},{"url":"value","valueString":"http://hl7.org/fhir/versions.html#maturity"}],"url":"http://hl7.org/fhir/tools/StructureDefinition/ig-parameter"},{"extension":[{"url":"code","valueString":"propagate-status"},{"url":"value","valueString":"true"}],"url":"http://hl7.org/fhir/tools/StructureDefinition/ig-parameter"},{"extension":[{"url":"code","valueString":"excludelogbinaryformat"},{"url":"value","valueString":"true"}],"url":"http://hl7.org/fhir/tools/StructureDefinition/ig-parameter"},{"extension":[{"url":"code","valueString":"tabbed-snapshots"},{"url":"value","valueString":"true"}],"url":"http://hl7.org/fhir/tools/StructureDefinition/ig-parameter"},{"url":"http://hl7.org/fhir/tools/StructureDefinition/ig-internal-dependency","valueCode":"hl7.fhir.uv.tools#current"},{"extension":[{"url":"code","valueCode":"copyrightyear"},{"url":"value","valueString":"2021+"}],"url":"http://hl7.org/fhir/tools/StructureDefinition/ig-parameter"},{"extension":[{"url":"code","valueCode":"releaselabel"},{"url":"value","valueString":"CI Build"}],"url":"http://hl7.org/fhir/tools/StructureDefinition/ig-parameter"},{"extension":[{"url":"code","valueCode":"autoload-resources"},{"url":"value","valueString":"true"}],"url":"http://hl7.org/fhir/tools/StructureDefinition/ig-parameter"},{"extension":[{"url":"code","valueCode":"path-liquid"},{"url":"value","valueString":"template/liquid"}],"url":"http://hl7.org/fhir/tools/StructureDefinition/ig-parameter"},{"extension":[{"url":"code","valueCode":"path-liquid"},{"url":"value","valueString":"input/liquid"}],"url":"http://hl7.org/fhir/tools/StructureDefinition/ig-parameter"},{"extension":[{"url":"code","valueCode":"path-qa"},{"url":"value","valueString":"temp/qa"}],"url":"http://hl7.org/fhir/tools/StructureDefinition/ig-parameter"},{"extension":[{"url":"code","valueCode":"path-temp"},{"url":"value","valueString":"temp/pages"}],"url":"http://hl7.org/fhir/tools/StructureDefinition/ig-parameter"},{"extension":[{"url":"code","valueCode":"path-output"},{"url":"value","valueString":"output"}],"url":"http://hl7.org/fhir/tools/StructureDefinition/ig-parameter"},{"extension":[{"url":"code","valueCode":"path-suppressed-warnings"},{"url":"value","valueString":"input/ignoreWarnings.txt"}],"url":"http://hl7.org/fhir/tools/StructureDefinition/ig-parameter"},{"extension":[{"url":"code","valueCode":"path-history"},{"url":"value","valueString":"http://worldhealthorganization.github.io/smart-ig-upvhproject/history.html"}],"url":"http://hl7.org/fhir/tools/StructureDefinition/ig-parameter"},{"extension":[{"url":"code","valueCode":"template-html"},{"url":"value","valueString":"template-page.html"}],"url":"http://hl7.org/fhir/tools/StructureDefinition/ig-parameter"},{"extension":[{"url":"code","valueCode":"template-md"},{"url":"value","valueString":"template-page-md.html"}],"url":"http://hl7.org/fhir/tools/StructureDefinition/ig-parameter"},{"extension":[{"url":"code","valueCode":"apply-contact"},{"url":"value","valueString":"true"}],"url":"http://hl7.org/fhir/tools/StructureDefinition/ig-parameter"},{"extension":[{"url":"code","valueCode":"apply-context"},{"url":"value","valueString":"true"}],"url":"http://hl7.org/fhir/tools/StructureDefinition/ig-parameter"},{"extension":[{"url":"code","valueCode":"apply-copyright"},{"url":"value","valueString":"true"}],"url":"http://hl7.org/fhir/tools/StructureDefinition/ig-parameter"},{"extension":[{"url":"code","valueCode":"apply-jurisdiction"},{"url":"value","valueString":"true"}],"url":"http://hl7.org/fhir/tools/StructureDefinition/ig-parameter"},{"extension":[{"url":"code","valueCode":"apply-license"},{"url":"value","valueString":"true"}],"url":"http://hl7.org/fhir/tools/StructureDefinition/ig-parameter"},{"extension":[{"url":"code","valueCode":"apply-publisher"},{"url":"value","valueString":"true"}],"url":"http://hl7.org/fhir/tools/StructureDefinition/ig-parameter"},{"extension":[{"url":"code","valueCode":"apply-version"},{"url":"value","valueString":"true"}],"url":"http://hl7.org/fhir/tools/StructureDefinition/ig-parameter"},{"extension":[{"url":"code","valueCode":"active-tables"},{"url":"value","valueString":"true"}],"url":"http://hl7.org/fhir/tools/StructureDefinition/ig-parameter"},{"extension":[{"url":"code","valueCode":"fmm-definition"},{"url":"value","valueString":"http://hl7.org/fhir/versions.html#maturity"}],"url":"http://hl7.org/fhir/tools/StructureDefinition/ig-parameter"},{"extension":[{"url":"code","valueCode":"propagate-status"},{"url":"value","valueString":"true"}],"url":"http://hl7.org/fhir/tools/StructureDefinition/ig-parameter"},{"extension":[{"url":"code","valueCode":"excludelogbinaryformat"},{"url":"value","valueString":"true"}],"url":"http://hl7.org/fhir/tools/StructureDefinition/ig-parameter"},{"extension":[{"url":"code","valueCode":"tabbed-snapshots"},{"url":"value","valueString":"true"}],"url":"http://hl7.org/fhir/tools/StructureDefinition/ig-parameter"},{"extension":[{"url":"code","valueCode":"copyrightyear"},{"url":"value","valueString":"2021+"}],"url":"http://hl7.org/fhir/tools/StructureDefinition/ig-parameter"},{"extension":[{"url":"code","valueCode":"releaselabel"},{"url":"value","valueString":"CI Build"}],"url":"http://hl7.org/fhir/tools/StructureDefinition/ig-parameter"},{"extension":[{"url":"code","valueCode":"autoload-resources"},{"url":"value","valueString":"true"}],"url":"http://hl7.org/fhir/tools/StructureDefinition/ig-parameter"},{"extension":[{"url":"code","valueCode":"path-liquid"},{"url":"value","valueString":"template/liquid"}],"url":"http://hl7.org/fhir/tools/StructureDefinition/ig-parameter"},{"extension":[{"url":"code","valueCode":"path-liquid"},{"url":"value","valueString":"input/liquid"}],"url":"http://hl7.org/fhir/tools/StructureDefinition/ig-parameter"},{"extension":[{"url":"code","valueCode":"path-qa"},{"url":"value","valueString":"temp/qa"}],"url":"http://hl7.org/fhir/tools/StructureDefinition/ig-parameter"},{"extension":[{"url":"code","valueCode":"path-temp"},{"url":"value","valueString":"temp/pages"}],"url":"http://hl7.org/fhir/tools/StructureDefinition/ig-parameter"},{"extension":[{"url":"code","valueCode":"path-output"},{"url":"value","valueString":"output"}],"url":"http://hl7.org/fhir/tools/StructureDefinition/ig-parameter"},{"extension":[{"url":"code","valueCode":"path-suppressed-warnings"},{"url":"value","valueString":"input/ignoreWarnings.txt"}],"url":"http://hl7.org/fhir/tools/StructureDefinition/ig-parameter"},{"extension":[{"url":"code","valueCode":"path-history"},{"url":"value","valueString":"http://worldhealthorganization.github.io/smart-ig-upvhproject/history.html"}],"url":"http://hl7.org/fhir/tools/StructureDefinition/ig-parameter"},{"extension":[{"url":"code","valueCode":"template-html"},{"url":"value","valueString":"template-page.html"}],"url":"http://hl7.org/fhir/tools/StructureDefinition/ig-parameter"},{"extension":[{"url":"code","valueCode":"template-md"},{"url":"value","valueString":"template-page-md.html"}],"url":"http://hl7.org/fhir/tools/StructureDefinition/ig-parameter"},{"extension":[{"url":"code","valueCode":"apply-contact"},{"url":"value","valueString":"true"}],"url":"http://hl7.org/fhir/tools/StructureDefinition/ig-parameter"},{"extension":[{"url":"code","valueCode":"apply-context"},{"url":"value","valueString":"true"}],"url":"http://hl7.org/fhir/tools/StructureDefinition/ig-parameter"},{"extension":[{"url":"code","valueCode":"apply-copyright"},{"url":"value","valueString":"true"}],"url":"http://hl7.org/fhir/tools/StructureDefinition/ig-parameter"},{"extension":[{"url":"code","valueCode":"apply-jurisdiction"},{"url":"value","valueString":"true"}],"url":"http://hl7.org/fhir/tools/StructureDefinition/ig-parameter"},{"extension":[{"url":"code","valueCode":"apply-license"},{"url":"value","valueString":"true"}],"url":"http://hl7.org/fhir/tools/StructureDefinition/ig-parameter"},{"extension":[{"url":"code","valueCode":"apply-publisher"},{"url":"value","valueString":"true"}],"url":"http://hl7.org/fhir/tools/StructureDefinition/ig-parameter"},{"extension":[{"url":"code","valueCode":"apply-version"},{"url":"value","valueString":"true"}],"url":"http://hl7.org/fhir/tools/StructureDefinition/ig-parameter"},{"extension":[{"url":"code","valueCode":"active-tables"},{"url":"value","valueString":"true"}],"url":"http://hl7.org/fhir/tools/StructureDefinition/ig-parameter"},{"extension":[{"url":"code","valueCode":"fmm-definition"},{"url":"value","valueString":"http://hl7.org/fhir/versions.html#maturity"}],"url":"http://hl7.org/fhir/tools/StructureDefinition/ig-parameter"},{"extension":[{"url":"code","valueCode":"propagate-status"},{"url":"value","valueString":"true"}],"url":"http://hl7.org/fhir/tools/StructureDefinition/ig-parameter"},{"extension":[{"url":"code","valueCode":"excludelogbinaryformat"},{"url":"value","valueString":"true"}],"url":"http://hl7.org/fhir/tools/StructureDefinition/ig-parameter"},{"extension":[{"url":"code","valueCode":"tabbed-snapshots"},{"url":"value","valueString":"true"}],"url":"http://hl7.org/fhir/tools/StructureDefinition/ig-parameter"}],"grouping":[{"id":"-str-logicalmodel","name":"Structures: Logical Models","description":"These define data models that represent the domain covered by this implementation guide in more business-friendly terms than the underlying FHIR resources."},{"id":"-str-profile","name":"Structures: Resource Profiles","description":"These define constraints on FHIR resources for systems conforming to this implementation guide."},{"id":"-str-extension","name":"Structures: Extension Definitions","description":"These define constraints on FHIR data types for systems conforming to this implementation guide."},{"id":"-ex-example","name":"Example: Example Instances","description":"These are example instances that show what data produced and consumed by systems conforming with this implementation guide might look like."}],"resource":[{"extension":[{"url":"http://hl7.org/fhir/StructureDefinition/implementationguide-page","valueUri":"Observation-2281.html"}],"reference":{"reference":"Observation/2281"},"name":"2281","exampleBoolean":true,"groupingId":"-ex-example"},{"extension":[{"url":"http://hl7.org/fhir/StructureDefinition/implementationguide-page","valueUri":"Observation-2284.html"}],"reference":{"reference":"Observation/2284"},"name":"2284","exampleBoolean":true,"groupingId":"-ex-example"},{"extension":[{"url":"http://hl7.org/fhir/StructureDefinition/implementationguide-page","valueUri":"Observation-2287.html"}],"reference":{"reference":"Observation/2287"},"name":"2287","exampleBoolean":true,"groupingId":"-ex-example"},{"extension":[{"url":"http://hl7.org/fhir/StructureDefinition/implementationguide-page","valueUri":"Observation-2289.html"}],"reference":{"reference":"Observation/2289"},"name":"2289","exampleBoolean":true,"groupingId":"-ex-example"},{"extension":[{"url":"http://hl7.org/fhir/StructureDefinition/implementationguide-page","valueUri":"Observation-2291.html"}],"reference":{"reference":"Observation/2291"},"name":"2291","exampleBoolean":true,"groupingId":"-ex-example"},{"extension":[{"url":"http://hl7.org/fhir/StructureDefinition/implementationguide-page","valueUri":"Observation-2295.html"}],"reference":{"reference":"Observation/2295"},"name":"2295","exampleBoolean":true,"groupingId":"-ex-example"},{"extension":[{"url":"http://hl7.org/fhir/StructureDefinition/implementationguide-page","valueUri":"Observation-2297.html"}],"reference":{"reference":"Observation/2297"},"name":"2297","exampleBoolean":true,"groupingId":"-ex-example"},{"extension":[{"url":"http://hl7.org/fhir/StructureDefinition/implementationguide-page","valueUri":"Observation-2299.html"}],"reference":{"reference":"Observation/2299"},"name":"2299","exampleBoolean":true,"groupingId":"-ex-example"},{"extension":[{"url":"http://hl7.org/fhir/StructureDefinition/implementationguide-page","valueUri":"Observation-2312.html"}],"reference":{"reference":"Observation/2312"},"name":"2312","exampleBoolean":true,"groupingId":"-ex-example"},{"extension":[{"url":"http://hl7.org/fhir/StructureDefinition/implementationguide-page","valueUri":"Observation-2317.html"}],"reference":{"reference":"Observation/2317"},"name":"2317","exampleBoolean":true,"groupingId":"-ex-example"},{"extension":[{"url":"http://hl7.org/fhir/StructureDefinition/implementationguide-page","valueUri":"Observation-2319.html"}],"reference":{"reference":"Observation/2319"},"name":"2319","exampleBoolean":true,"groupingId":"-ex-example"},{"extension":[{"url":"http://hl7.org/fhir/StructureDefinition/implementationguide-page","valueUri":"StructureDefinition-2158.html"}],"reference":{"reference":"StructureDefinition/2158"},"name":"ConditionHepB","description":"Hepatitis B surface antigen test result","exampleBoolean":false,"groupingId":"-str-profile"},{"extension":[{"url":"http://hl7.org/fhir/StructureDefinition/implementationguide-page","valueUri":"StructureDefinition-2159.html"}],"reference":{"reference":"StructureDefinition/2159"},"name":"ConditionHepC","description":"Hepatitis C antibody test result","exampleBoolean":false,"groupingId":"-str-profile"},{"extension":[{"url":"http://hl7.org/fhir/StructureDefinition/implementationguide-page","valueUri":"StructureDefinition-FamilyMemberHistoryVHcase34.html"}],"reference":{"reference":"StructureDefinition/FamilyMemberHistoryVHcase34"},"name":"FamilyMemberHistoryVHcase34","exampleBoolean":false,"groupingId":"-str-profile"},{"extension":[{"url":"http://hl7.org/fhir/StructureDefinition/implementationguide-page","valueUri":"StructureDefinition-FamilyMemberHistoryVHcase35.html"}],"reference":{"reference":"StructureDefinition/FamilyMemberHistoryVHcase35"},"name":"FamilyMemberHistoryVHcase35","exampleBoolean":false,"groupingId":"-str-profile"},{"extension":[{"url":"http://hl7.org/fhir/StructureDefinition/implementationguide-page","valueUri":"StructureDefinition-FatherName.html"}],"reference":{"reference":"StructureDefinition/FatherName"},"name":"FatherName","exampleBoolean":false,"groupingId":"-str-extension"},{"extension":[{"url":"http://hl7.org/fhir/StructureDefinition/implementationguide-page","valueUri":"StructureDefinition-MotherName.html"}],"reference":{"reference":"StructureDefinition/MotherName"},"name":"MotherName","exampleBoolean":false,"groupingId":"-str-extension"},{"extension":[{"url":"http://hl7.org/fhir/StructureDefinition/implementationguide-page","valueUri":"StructureDefinition-ObservationVHcase13.html"}],"reference":{"reference":"StructureDefinition/ObservationVHcase13"},"name":"ObservationVHcase13","exampleBoolean":false,"groupingId":"-str-profile"},{"extension":[{"url":"http://hl7.org/fhir/StructureDefinition/implementationguide-page","valueUri":"StructureDefinition-ObservationVHcase48.html"}],"reference":{"reference":"StructureDefinition/ObservationVHcase48"},"name":"ObservationVHcase48","exampleBoolean":false,"groupingId":"-str-profile"},{"extension":[{"url":"http://hl7.org/fhir/StructureDefinition/implementationguide-page","valueUri":"StructureDefinition-ObservationVHcase49.html"}],"reference":{"reference":"StructureDefinition/ObservationVHcase49"},"name":"ObservationVHcase49","exampleBoolean":false,"groupingId":"-str-profile"},{"extension":[{"url":"http://hl7.org/fhir/StructureDefinition/implementationguide-page","valueUri":"StructureDefinition-ObservationVHcase50.html"}],"reference":{"reference":"StructureDefinition/ObservationVHcase50"},"name":"ObservationVHcase50","exampleBoolean":false,"groupingId":"-str-profile"},{"extension":[{"url":"http://hl7.org/fhir/StructureDefinition/implementationguide-page","valueUri":"StructureDefinition-ObservationVHcase51.html"}],"reference":{"reference":"StructureDefinition/ObservationVHcase51"},"name":"ObservationVHcase51","exampleBoolean":false,"groupingId":"-str-profile"},{"extension":[{"url":"http://hl7.org/fhir/StructureDefinition/implementationguide-page","valueUri":"StructureDefinition-ObservationVHcase55.html"}],"reference":{"reference":"StructureDefinition/ObservationVHcase55"},"name":"ObservationVHcase55","exampleBoolean":false,"groupingId":"-str-profile"},{"extension":[{"url":"http://hl7.org/fhir/StructureDefinition/implementationguide-page","valueUri":"StructureDefinition-ObservationVHcase56.html"}],"reference":{"reference":"StructureDefinition/ObservationVHcase56"},"name":"ObservationVHcase56","exampleBoolean":false,"groupingId":"-str-profile"},{"extension":[{"url":"http://hl7.org/fhir/StructureDefinition/implementationguide-page","valueUri":"StructureDefinition-ViralHepatitisCareFormModel.html"}],"reference":{"reference":"StructureDefinition/ViralHepatitisCareFormModel"},"name":"VH Care Form Logical Model","description":"Viral Hepatitis Care Form Information model","exampleBoolean":false,"groupingId":"-str-logicalmodel"},{"extension":[{"url":"http://hl7.org/fhir/StructureDefinition/implementationguide-page","valueUri":"StructureDefinition-ViralHepatitisCaseReportFormModel.html"}],"reference":{"reference":"StructureDefinition/ViralHepatitisCaseReportFormModel"},"name":"VH Case Report Form Logical Model","description":"Viral Hepatitis Case Report Form Logical Model","exampleBoolean":false,"groupingId":"-str-logicalmodel"},{"extension":[{"url":"http://hl7.org/fhir/StructureDefinition/implementationguide-page","valueUri":"StructureDefinition-VHcarealbumin.html"}],"reference":{"reference":"StructureDefinition/VHcarealbumin"},"name":"VHcarealbumin","exampleBoolean":false,"groupingId":"-str-profile"},{"extension":[{"url":"http://hl7.org/fhir/StructureDefinition/implementationguide-page","valueUri":"StructureDefinition-VHcareALT.html"}],"reference":{"reference":"StructureDefinition/VHcareALT"},"name":"VHcareALT","exampleBoolean":false,"groupingId":"-str-profile"},{"extension":[{"url":"http://hl7.org/fhir/StructureDefinition/implementationguide-page","valueUri":"StructureDefinition-VHcareaminotransferaseScore.html"}],"reference":{"reference":"StructureDefinition/VHcareaminotransferaseScore"},"name":"VHcareaminotransferaseScore","exampleBoolean":false,"groupingId":"-str-profile"},{"extension":[{"url":"http://hl7.org/fhir/StructureDefinition/implementationguide-page","valueUri":"StructureDefinition-VHcareAntiHCV.html"}],"reference":{"reference":"StructureDefinition/VHcareAntiHCV"},"name":"VHcareAntiHCV","exampleBoolean":false,"groupingId":"-str-profile"},{"extension":[{"url":"http://hl7.org/fhir/StructureDefinition/implementationguide-page","valueUri":"StructureDefinition-VHcareAscites.html"}],"reference":{"reference":"StructureDefinition/VHcareAscites"},"name":"VHcareAscites","exampleBoolean":false,"groupingId":"-str-profile"},{"extension":[{"url":"http://hl7.org/fhir/StructureDefinition/implementationguide-page","valueUri":"StructureDefinition-VHcareAST.html"}],"reference":{"reference":"StructureDefinition/VHcareAST"},"name":"VHcareAST","exampleBoolean":false,"groupingId":"-str-profile"},{"extension":[{"url":"http://hl7.org/fhir/StructureDefinition/implementationguide-page","valueUri":"StructureDefinition-VHcarechildTurcottePugh.html"}],"reference":{"reference":"StructureDefinition/VHcarechildTurcottePugh"},"name":"VHcarechildTurcottePugh","exampleBoolean":false,"groupingId":"-str-profile"},{"extension":[{"url":"http://hl7.org/fhir/StructureDefinition/implementationguide-page","valueUri":"StructureDefinition-VHcarecoagulopathy.html"}],"reference":{"reference":"StructureDefinition/VHcarecoagulopathy"},"name":"VHcarecoagulopathy","exampleBoolean":false,"groupingId":"-str-profile"},{"extension":[{"url":"http://hl7.org/fhir/StructureDefinition/implementationguide-page","valueUri":"StructureDefinition-VHcarefatigue.html"}],"reference":{"reference":"StructureDefinition/VHcarefatigue"},"name":"VHcarefatigue","exampleBoolean":false,"groupingId":"-str-profile"},{"extension":[{"url":"http://hl7.org/fhir/StructureDefinition/implementationguide-page","valueUri":"StructureDefinition-VHcarefibrosis.html"}],"reference":{"reference":"StructureDefinition/VHcarefibrosis"},"name":"VHcarefibrosis","exampleBoolean":false,"groupingId":"-str-profile"},{"extension":[{"url":"http://hl7.org/fhir/StructureDefinition/implementationguide-page","valueUri":"StructureDefinition-VHcareHBeAg.html"}],"reference":{"reference":"StructureDefinition/VHcareHBeAg"},"name":"VHcareHBeAg","exampleBoolean":false,"groupingId":"-str-profile"},{"extension":[{"url":"http://hl7.org/fhir/StructureDefinition/implementationguide-page","valueUri":"StructureDefinition-VHcareHBsAg.html"}],"reference":{"reference":"StructureDefinition/VHcareHBsAg"},"name":"VHcareHBsAg","exampleBoolean":false,"groupingId":"-str-profile"},{"extension":[{"url":"http://hl7.org/fhir/StructureDefinition/implementationguide-page","valueUri":"StructureDefinition-VHcareHBVDNA.html"}],"reference":{"reference":"StructureDefinition/VHcareHBVDNA"},"name":"VHcareHBVDNA","exampleBoolean":false,"groupingId":"-str-profile"},{"extension":[{"url":"http://hl7.org/fhir/StructureDefinition/implementationguide-page","valueUri":"StructureDefinition-VHcareHCVRNAQuali.html"}],"reference":{"reference":"StructureDefinition/VHcareHCVRNAQuali"},"name":"VHcareHCVRNAQuali","exampleBoolean":false,"groupingId":"-str-profile"},{"extension":[{"url":"http://hl7.org/fhir/StructureDefinition/implementationguide-page","valueUri":"StructureDefinition-VHcareHCVRNAQuanti.html"}],"reference":{"reference":"StructureDefinition/VHcareHCVRNAQuanti"},"name":"VHcareHCVRNAQuanti","exampleBoolean":false,"groupingId":"-str-profile"},{"extension":[{"url":"http://hl7.org/fhir/StructureDefinition/implementationguide-page","valueUri":"StructureDefinition-VHcareheight.html"}],"reference":{"reference":"StructureDefinition/VHcareheight"},"name":"VHcareheight","exampleBoolean":false,"groupingId":"-str-profile"},{"extension":[{"url":"http://hl7.org/fhir/StructureDefinition/implementationguide-page","valueUri":"StructureDefinition-VHcarehepatomegaly.html"}],"reference":{"reference":"StructureDefinition/VHcarehepatomegaly"},"name":"VHcarehepatomegaly","exampleBoolean":false,"groupingId":"-str-profile"},{"extension":[{"url":"http://hl7.org/fhir/StructureDefinition/implementationguide-page","valueUri":"StructureDefinition-VHcarehepBInfection.html"}],"reference":{"reference":"StructureDefinition/VHcarehepBInfection"},"name":"VHcarehepBInfection","exampleBoolean":false,"groupingId":"-str-profile"},{"extension":[{"url":"http://hl7.org/fhir/StructureDefinition/implementationguide-page","valueUri":"StructureDefinition-VHcareImaging.html"}],"reference":{"reference":"StructureDefinition/VHcareImaging"},"name":"VHcareImaging","exampleBoolean":false,"groupingId":"-str-profile"},{"extension":[{"url":"http://hl7.org/fhir/StructureDefinition/implementationguide-page","valueUri":"StructureDefinition-VHcareotherInfection.html"}],"reference":{"reference":"StructureDefinition/VHcareotherInfection"},"name":"VHcareotherInfection","exampleBoolean":false,"groupingId":"-str-profile"},{"extension":[{"url":"http://hl7.org/fhir/StructureDefinition/implementationguide-page","valueUri":"StructureDefinition-VHcareotherSignAndSymptoms.html"}],"reference":{"reference":"StructureDefinition/VHcareotherSignAndSymptoms"},"name":"VHcareotherSignAndSymptoms","exampleBoolean":false,"groupingId":"-str-profile"},{"extension":[{"url":"http://hl7.org/fhir/StructureDefinition/implementationguide-page","valueUri":"StructureDefinition-VHcarepalmarErythema.html"}],"reference":{"reference":"StructureDefinition/VHcarepalmarErythema"},"name":"VHcarepalmarErythema","exampleBoolean":false,"groupingId":"-str-profile"},{"extension":[{"url":"http://hl7.org/fhir/StructureDefinition/implementationguide-page","valueUri":"StructureDefinition-VHcareplateletCount.html"}],"reference":{"reference":"StructureDefinition/VHcareplateletCount"},"name":"VHcareplateletCount","exampleBoolean":false,"groupingId":"-str-profile"},{"extension":[{"url":"http://hl7.org/fhir/StructureDefinition/implementationguide-page","valueUri":"StructureDefinition-VHcarepruritus.html"}],"reference":{"reference":"StructureDefinition/VHcarepruritus"},"name":"VHcarepruritus","exampleBoolean":false,"groupingId":"-str-profile"},{"extension":[{"url":"http://hl7.org/fhir/StructureDefinition/implementationguide-page","valueUri":"StructureDefinition-VHcarePTINR.html"}],"reference":{"reference":"StructureDefinition/VHcarePTINR"},"name":"VHcarePTINR","exampleBoolean":false,"groupingId":"-str-profile"},{"extension":[{"url":"http://hl7.org/fhir/StructureDefinition/implementationguide-page","valueUri":"StructureDefinition-VHcaresplenomegaly.html"}],"reference":{"reference":"StructureDefinition/VHcaresplenomegaly"},"name":"VHcaresplenomegaly","exampleBoolean":false,"groupingId":"-str-profile"},{"extension":[{"url":"http://hl7.org/fhir/StructureDefinition/implementationguide-page","valueUri":"StructureDefinition-VHcaretotalBilirubin.html"}],"reference":{"reference":"StructureDefinition/VHcaretotalBilirubin"},"name":"VHcaretotalBilirubin","exampleBoolean":false,"groupingId":"-str-profile"},{"extension":[{"url":"http://hl7.org/fhir/StructureDefinition/implementationguide-page","valueUri":"StructureDefinition-VHcaretransientElastography.html"}],"reference":{"reference":"StructureDefinition/VHcaretransientElastography"},"name":"VHcaretransientElastography","exampleBoolean":false,"groupingId":"-str-profile"},{"extension":[{"url":"http://hl7.org/fhir/StructureDefinition/implementationguide-page","valueUri":"StructureDefinition-VHcareweight.html"}],"reference":{"reference":"StructureDefinition/VHcareweight"},"name":"VHcareweight","exampleBoolean":false,"groupingId":"-str-profile"},{"extension":[{"url":"http://hl7.org/fhir/StructureDefinition/implementationguide-page","valueUri":"StructureDefinition-2156.html"}],"reference":{"reference":"StructureDefinition/2156"},"name":"VHCEncounter","exampleBoolean":false,"groupingId":"-str-profile"},{"extension":[{"url":"http://hl7.org/fhir/StructureDefinition/implementationguide-page","valueUri":"StructureDefinition-VHhcarejaundice.html"}],"reference":{"reference":"StructureDefinition/VHhcarejaundice"},"name":"VHhcarejaundice","exampleBoolean":false,"groupingId":"-str-profile"},{"extension":[{"url":"http://hl7.org/fhir/StructureDefinition/implementationguide-page","valueUri":"StructureDefinition-VHPatient2.html"}],"reference":{"reference":"StructureDefinition/VHPatient2"},"name":"VHPatient2","description":"VH Patient","exampleBoolean":false,"groupingId":"-str-profile"}],"page":{"extension":[{"url":"http://hl7.org/fhir/tools/StructureDefinition/ig-page-name","valueUrl":"toc.html"}],"nameUrl":"toc.html","title":"Table of Contents","generation":"html","page":[{"extension":[{"url":"http://hl7.org/fhir/tools/StructureDefinition/ig-page-name","valueUrl":"index.html"}],"nameUrl":"index.html","title":"Home","generation":"html"},{"extension":[{"url":"http://hl7.org/fhir/tools/StructureDefinition/ig-page-name","valueUrl":"actors.html"}],"nameUrl":"actors.html","title":"Actors","generation":"html"},{"extension":[{"url":"http://hl7.org/fhir/tools/StructureDefinition/ig-page-name","valueUrl":"background.html"}],"nameUrl":"background.html","title":"Background","generation":"html"},{"extension":[{"url":"http://hl7.org/fhir/tools/StructureDefinition/ig-page-name","valueUrl":"changes.html"}],"nameUrl":"changes.html","title":"Changes","generation":"html"},{"extension":[{"url":"http://hl7.org/fhir/tools/StructureDefinition/ig-page-name","valueUrl":"checklist.html"}],"nameUrl":"checklist.html","title":"Checklist","generation":"html"},{"extension":[{"url":"http://hl7.org/fhir/tools/StructureDefinition/ig-page-name","valueUrl":"concepts.html"}],"nameUrl":"concepts.html","title":"Concepts","generation":"html"},{"extension":[{"url":"http://hl7.org/fhir/tools/StructureDefinition/ig-page-name","valueUrl":"content_profiles.html"}],"nameUrl":"content_profiles.html","title":"Content Profiles","generation":"html"},{"extension":[{"url":"http://hl7.org/fhir/tools/StructureDefinition/ig-page-name","valueUrl":"data_exchange.html"}],"nameUrl":"data_exchange.html","title":"Data Exchange","generation":"html"},{"extension":[{"url":"http://hl7.org/fhir/tools/StructureDefinition/ig-page-name","valueUrl":"dependencies.html"}],"nameUrl":"dependencies.html","title":"Dependencies","generation":"html"},{"extension":[{"url":"http://hl7.org/fhir/tools/StructureDefinition/ig-page-name","valueUrl":"deployment.html"}],"nameUrl":"deployment.html","title":"Deployment","generation":"html"},{"extension":[{"url":"http://hl7.org/fhir/tools/StructureDefinition/ig-page-name","valueUrl":"dictionary.html"}],"nameUrl":"dictionary.html","title":"Dictionary","generation":"html"},{"extension":[{"url":"http://hl7.org/fhir/tools/StructureDefinition/ig-page-name","valueUrl":"disclaimer.html"}],"nameUrl":"disclaimer.html","title":"Disclaimer","generation":"html"},{"extension":[{"url":"http://hl7.org/fhir/tools/StructureDefinition/ig-page-name","valueUrl":"downloads.html"}],"nameUrl":"downloads.html","title":"Downloads","generation":"html"},{"extension":[{"url":"http://hl7.org/fhir/tools/StructureDefinition/ig-page-name","valueUrl":"feedback.html"}],"nameUrl":"feedback.html","title":"Feedback","generation":"html"},{"extension":[{"url":"http://hl7.org/fhir/tools/StructureDefinition/ig-page-name","valueUrl":"functional.html"}],"nameUrl":"functional.html","title":"Functional","generation":"html"},{"extension":[{"url":"http://hl7.org/fhir/tools/StructureDefinition/ig-page-name","valueUrl":"instructions.html"}],"nameUrl":"instructions.html","title":"Instructions","generation":"html"},{"extension":[{"url":"http://hl7.org/fhir/tools/StructureDefinition/ig-page-name","valueUrl":"layers.html"}],"nameUrl":"layers.html","title":"Layers","generation":"html"},{"extension":[{"url":"http://hl7.org/fhir/tools/StructureDefinition/ig-page-name","valueUrl":"maps.html"}],"nameUrl":"maps.html","title":"Maps","generation":"html"},{"extension":[{"url":"http://hl7.org/fhir/tools/StructureDefinition/ig-page-name","valueUrl":"personas.html"}],"nameUrl":"personas.html","title":"Personas","generation":"html"},{"extension":[{"url":"http://hl7.org/fhir/tools/StructureDefinition/ig-page-name","valueUrl":"references.html"}],"nameUrl":"references.html","title":"References","generation":"html"},{"extension":[{"url":"http://hl7.org/fhir/tools/StructureDefinition/ig-page-name","valueUrl":"requirements.html"}],"nameUrl":"requirements.html","title":"Requirements","generation":"html"},{"extension":[{"url":"http://hl7.org/fhir/tools/StructureDefinition/ig-page-name","valueUrl":"security_privacy.html"}],"nameUrl":"security_privacy.html","title":"Security Privacy","generation":"html"},{"extension":[{"url":"http://hl7.org/fhir/tools/StructureDefinition/ig-page-name","valueUrl":"testing.html"}],"nameUrl":"testing.html","title":"Testing","generation":"html"},{"extension":[{"url":"http://hl7.org/fhir/tools/StructureDefinition/ig-page-name","valueUrl":"transactions.html"}],"nameUrl":"transactions.html","title":"Transactions","generation":"html"},{"extension":[{"url":"http://hl7.org/fhir/tools/StructureDefinition/ig-page-name","valueUrl":"use_cases.html"}],"nameUrl":"use_cases.html","title":"Use Cases","generation":"html"},{"extension":[{"url":"http://hl7.org/fhir/tools/StructureDefinition/ig-page-name","valueUrl":"workflows.html"}],"nameUrl":"workflows.html","title":"Workflows","generation":"html"},{"extension":[{"url":"http://hl7.org/fhir/tools/StructureDefinition/ig-page-name","valueUrl":"artifacts.html"}],"nameUrl":"artifacts.html","title":"Artifacts Summary","generation":"html","page":[{"extension":[{"url":"http://hl7.org/fhir/tools/StructureDefinition/ig-page-name","valueUrl":"StructureDefinition-ViralHepatitisCareFormModel.html"}],"nameUrl":"StructureDefinition-ViralHepatitisCareFormModel.html","title":"VH Care Form Logical Model","generation":"generated"},{"extension":[{"url":"http://hl7.org/fhir/tools/StructureDefinition/ig-page-name","valueUrl":"StructureDefinition-ViralHepatitisCaseReportFormModel.html"}],"nameUrl":"StructureDefinition-ViralHepatitisCaseReportFormModel.html","title":"VH Case Report Form Logical Model","generation":"generated"},{"extension":[{"url":"http://hl7.org/fhir/tools/StructureDefinition/ig-page-name","valueUrl":"StructureDefinition-2158.html"}],"nameUrl":"StructureDefinition-2158.html","title":"ConditionHepB","generation":"generated"},{"extension":[{"url":"http://hl7.org/fhir/tools/StructureDefinition/ig-page-name","valueUrl":"StructureDefinition-2159.html"}],"nameUrl":"StructureDefinition-2159.html","title":"ConditionHepC","generation":"generated"},{"extension":[{"url":"http://hl7.org/fhir/tools/StructureDefinition/ig-page-name","valueUrl":"StructureDefinition-FamilyMemberHistoryVHcase34.html"}],"nameUrl":"StructureDefinition-FamilyMemberHistoryVHcase34.html","title":"FamilyMemberHistoryVHcase34","generation":"generated"},{"extension":[{"url":"http://hl7.org/fhir/tools/StructureDefinition/ig-page-name","valueUrl":"StructureDefinition-FamilyMemberHistoryVHcase35.html"}],"nameUrl":"StructureDefinition-FamilyMemberHistoryVHcase35.html","title":"FamilyMemberHistoryVHcase35","generation":"generated"},{"extension":[{"url":"http://hl7.org/fhir/tools/StructureDefinition/ig-page-name","valueUrl":"StructureDefinition-ObservationVHcase13.html"}],"nameUrl":"StructureDefinition-ObservationVHcase13.html","title":"ObservationVHcase13","generation":"generated"},{"extension":[{"url":"http://hl7.org/fhir/tools/StructureDefinition/ig-page-name","valueUrl":"StructureDefinition-ObservationVHcase48.html"}],"nameUrl":"StructureDefinition-ObservationVHcase48.html","title":"ObservationVHcase48","generation":"generated"},{"extension":[{"url":"http://hl7.org/fhir/tools/StructureDefinition/ig-page-name","valueUrl":"StructureDefinition-ObservationVHcase49.html"}],"nameUrl":"StructureDefinition-ObservationVHcase49.html","title":"ObservationVHcase49","generation":"generated"},{"extension":[{"url":"http://hl7.org/fhir/tools/StructureDefinition/ig-page-name","valueUrl":"StructureDefinition-ObservationVHcase50.html"}],"nameUrl":"StructureDefinition-ObservationVHcase50.html","title":"ObservationVHcase50","generation":"generated"},{"extension":[{"url":"http://hl7.org/fhir/tools/StructureDefinition/ig-page-name","valueUrl":"StructureDefinition-ObservationVHcase51.html"}],"nameUrl":"StructureDefinition-ObservationVHcase51.html","title":"ObservationVHcase51","generation":"generated"},{"extension":[{"url":"http://hl7.org/fhir/tools/StructureDefinition/ig-page-name","valueUrl":"StructureDefinition-ObservationVHcase55.html"}],"nameUrl":"StructureDefinition-ObservationVHcase55.html","title":"ObservationVHcase55","generation":"generated"},{"extension":[{"url":"http://hl7.org/fhir/tools/StructureDefinition/ig-page-name","valueUrl":"StructureDefinition-ObservationVHcase56.html"}],"nameUrl":"StructureDefinition-ObservationVHcase56.html","title":"ObservationVHcase56","generation":"generated"},{"extension":[{"url":"http://hl7.org/fhir/tools/StructureDefinition/ig-page-name","valueUrl":"StructureDefinition-VHcarealbumin.html"}],"nameUrl":"StructureDefinition-VHcarealbumin.html","title":"VHcarealbumin","generation":"generated"},{"extension":[{"url":"http://hl7.org/fhir/tools/StructureDefinition/ig-page-name","valueUrl":"StructureDefinition-VHcareALT.html"}],"nameUrl":"StructureDefinition-VHcareALT.html","title":"VHcareALT","generation":"generated"},{"extension":[{"url":"http://hl7.org/fhir/tools/StructureDefinition/ig-page-name","valueUrl":"StructureDefinition-VHcareaminotransferaseScore.html"}],"nameUrl":"StructureDefinition-VHcareaminotransferaseScore.html","title":"VHcareaminotransferaseScore","generation":"generated"},{"extension":[{"url":"http://hl7.org/fhir/tools/StructureDefinition/ig-page-name","valueUrl":"StructureDefinition-VHcareAntiHCV.html"}],"nameUrl":"StructureDefinition-VHcareAntiHCV.html","title":"VHcareAntiHCV","generation":"generated"},{"extension":[{"url":"http://hl7.org/fhir/tools/StructureDefinition/ig-page-name","valueUrl":"StructureDefinition-VHcareAscites.html"}],"nameUrl":"StructureDefinition-VHcareAscites.html","title":"VHcareAscites","generation":"generated"},{"extension":[{"url":"http://hl7.org/fhir/tools/StructureDefinition/ig-page-name","valueUrl":"StructureDefinition-VHcareAST.html"}],"nameUrl":"StructureDefinition-VHcareAST.html","title":"VHcareAST","generation":"generated"},{"extension":[{"url":"http://hl7.org/fhir/tools/StructureDefinition/ig-page-name","valueUrl":"StructureDefinition-VHcarechildTurcottePugh.html"}],"nameUrl":"StructureDefinition-VHcarechildTurcottePugh.html","title":"VHcarechildTurcottePugh","generation":"generated"},{"extension":[{"url":"http://hl7.org/fhir/tools/StructureDefinition/ig-page-name","valueUrl":"StructureDefinition-VHcarecoagulopathy.html"}],"nameUrl":"StructureDefinition-VHcarecoagulopathy.html","title":"VHcarecoagulopathy","generation":"generated"},{"extension":[{"url":"http://hl7.org/fhir/tools/StructureDefinition/ig-page-name","valueUrl":"StructureDefinition-VHcarefatigue.html"}],"nameUrl":"StructureDefinition-VHcarefatigue.html","title":"VHcarefatigue","generation":"generated"},{"extension":[{"url":"http://hl7.org/fhir/tools/StructureDefinition/ig-page-name","valueUrl":"StructureDefinition-VHcarefibrosis.html"}],"nameUrl":"StructureDefinition-VHcarefibrosis.html","title":"VHcarefibrosis","generation":"generated"},{"extension":[{"url":"http://hl7.org/fhir/tools/StructureDefinition/ig-page-name","valueUrl":"StructureDefinition-VHcareHBeAg.html"}],"nameUrl":"StructureDefinition-VHcareHBeAg.html","title":"VHcareHBeAg","generation":"generated"},{"extension":[{"url":"http://hl7.org/fhir/tools/StructureDefinition/ig-page-name","valueUrl":"StructureDefinition-VHcareHBsAg.html"}],"nameUrl":"StructureDefinition-VHcareHBsAg.html","title":"VHcareHBsAg","generation":"generated"},{"extension":[{"url":"http://hl7.org/fhir/tools/StructureDefinition/ig-page-name","valueUrl":"StructureDefinition-VHcareHBVDNA.html"}],"nameUrl":"StructureDefinition-VHcareHBVDNA.html","title":"VHcareHBVDNA","generation":"generated"},{"extension":[{"url":"http://hl7.org/fhir/tools/StructureDefinition/ig-page-name","valueUrl":"StructureDefinition-VHcareHCVRNAQuali.html"}],"nameUrl":"StructureDefinition-VHcareHCVRNAQuali.html","title":"VHcareHCVRNAQuali","generation":"generated"},{"extension":[{"url":"http://hl7.org/fhir/tools/StructureDefinition/ig-page-name","valueUrl":"StructureDefinition-VHcareHCVRNAQuanti.html"}],"nameUrl":"StructureDefinition-VHcareHCVRNAQuanti.html","title":"VHcareHCVRNAQuanti","generation":"generated"},{"extension":[{"url":"http://hl7.org/fhir/tools/StructureDefinition/ig-page-name","valueUrl":"StructureDefinition-VHcareheight.html"}],"nameUrl":"StructureDefinition-VHcareheight.html","title":"VHcareheight","generation":"generated"},{"extension":[{"url":"http://hl7.org/fhir/tools/StructureDefinition/ig-page-name","valueUrl":"StructureDefinition-VHcarehepatomegaly.html"}],"nameUrl":"StructureDefinition-VHcarehepatomegaly.html","title":"VHcarehepatomegaly","generation":"generated"},{"extension":[{"url":"http://hl7.org/fhir/tools/StructureDefinition/ig-page-name","valueUrl":"StructureDefinition-VHcarehepBInfection.html"}],"nameUrl":"StructureDefinition-VHcarehepBInfection.html","title":"VHcarehepBInfection","generation":"generated"},{"extension":[{"url":"http://hl7.org/fhir/tools/StructureDefinition/ig-page-name","valueUrl":"StructureDefinition-VHcareImaging.html"}],"nameUrl":"StructureDefinition-VHcareImaging.html","title":"VHcareImaging","generation":"generated"},{"extension":[{"url":"http://hl7.org/fhir/tools/StructureDefinition/ig-page-name","valueUrl":"StructureDefinition-VHcareotherInfection.html"}],"nameUrl":"StructureDefinition-VHcareotherInfection.html","title":"VHcareotherInfection","generation":"generated"},{"extension":[{"url":"http://hl7.org/fhir/tools/StructureDefinition/ig-page-name","valueUrl":"StructureDefinition-VHcareotherSignAndSymptoms.html"}],"nameUrl":"StructureDefinition-VHcareotherSignAndSymptoms.html","title":"VHcareotherSignAndSymptoms","generation":"generated"},{"extension":[{"url":"http://hl7.org/fhir/tools/StructureDefinition/ig-page-name","valueUrl":"StructureDefinition-VHcarepalmarErythema.html"}],"nameUrl":"StructureDefinition-VHcarepalmarErythema.html","title":"VHcarepalmarErythema","generation":"generated"},{"extension":[{"url":"http://hl7.org/fhir/tools/StructureDefinition/ig-page-name","valueUrl":"StructureDefinition-VHcareplateletCount.html"}],"nameUrl":"StructureDefinition-VHcareplateletCount.html","title":"VHcareplateletCount","generation":"generated"},{"extension":[{"url":"http://hl7.org/fhir/tools/StructureDefinition/ig-page-name","valueUrl":"StructureDefinition-VHcarepruritus.html"}],"nameUrl":"StructureDefinition-VHcarepruritus.html","title":"VHcarepruritus","generation":"generated"},{"extension":[{"url":"http://hl7.org/fhir/tools/StructureDefinition/ig-page-name","valueUrl":"StructureDefinition-VHcarePTINR.html"}],"nameUrl":"StructureDefinition-VHcarePTINR.html","title":"VHcarePTINR","generation":"generated"},{"extension":[{"url":"http://hl7.org/fhir/tools/StructureDefinition/ig-page-name","valueUrl":"StructureDefinition-VHcaresplenomegaly.html"}],"nameUrl":"StructureDefinition-VHcaresplenomegaly.html","title":"VHcaresplenomegaly","generation":"generated"},{"extension":[{"url":"http://hl7.org/fhir/tools/StructureDefinition/ig-page-name","valueUrl":"StructureDefinition-VHcaretotalBilirubin.html"}],"nameUrl":"StructureDefinition-VHcaretotalBilirubin.html","title":"VHcaretotalBilirubin","generation":"generated"},{"extension":[{"url":"http://hl7.org/fhir/tools/StructureDefinition/ig-page-name","valueUrl":"StructureDefinition-VHcaretransientElastography.html"}],"nameUrl":"StructureDefinition-VHcaretransientElastography.html","title":"VHcaretransientElastography","generation":"generated"},{"extension":[{"url":"http://hl7.org/fhir/tools/StructureDefinition/ig-page-name","valueUrl":"StructureDefinition-VHcareweight.html"}],"nameUrl":"StructureDefinition-VHcareweight.html","title":"VHcareweight","generation":"generated"},{"extension":[{"url":"http://hl7.org/fhir/tools/StructureDefinition/ig-page-name","valueUrl":"StructureDefinition-2156.html"}],"nameUrl":"StructureDefinition-2156.html","title":"VHCEncounter","generation":"generated"},{"extension":[{"url":"http://hl7.org/fhir/tools/StructureDefinition/ig-page-name","valueUrl":"StructureDefinition-VHhcarejaundice.html"}],"nameUrl":"StructureDefinition-VHhcarejaundice.html","title":"VHhcarejaundice","generation":"generated"},{"extension":[{"url":"http://hl7.org/fhir/tools/StructureDefinition/ig-page-name","valueUrl":"StructureDefinition-VHPatient2.html"}],"nameUrl":"StructureDefinition-VHPatient2.html","title":"VHPatient2","generation":"generated"},{"extension":[{"url":"http://hl7.org/fhir/tools/StructureDefinition/ig-page-name","valueUrl":"StructureDefinition-FatherName.html"}],"nameUrl":"StructureDefinition-FatherName.html","title":"FatherName","generation":"generated"},{"extension":[{"url":"http://hl7.org/fhir/tools/StructureDefinition/ig-page-name","valueUrl":"StructureDefinition-MotherName.html"}],"nameUrl":"StructureDefinition-MotherName.html","title":"MotherName","generation":"generated"},{"extension":[{"url":"http://hl7.org/fhir/tools/StructureDefinition/ig-page-name","valueUrl":"Observation-2281.html"}],"nameUrl":"Observation-2281.html","title":"2281","generation":"generated"},{"extension":[{"url":"http://hl7.org/fhir/tools/StructureDefinition/ig-page-name","valueUrl":"Observation-2284.html"}],"nameUrl":"Observation-2284.html","title":"2284","generation":"generated"},{"extension":[{"url":"http://hl7.org/fhir/tools/StructureDefinition/ig-page-name","valueUrl":"Observation-2287.html"}],"nameUrl":"Observation-2287.html","title":"2287","generation":"generated"},{"extension":[{"url":"http://hl7.org/fhir/tools/StructureDefinition/ig-page-name","valueUrl":"Observation-2289.html"}],"nameUrl":"Observation-2289.html","title":"2289","generation":"generated"},{"extension":[{"url":"http://hl7.org/fhir/tools/StructureDefinition/ig-page-name","valueUrl":"Observation-2291.html"}],"nameUrl":"Observation-2291.html","title":"2291","generation":"generated"},{"extension":[{"url":"http://hl7.org/fhir/tools/StructureDefinition/ig-page-name","valueUrl":"Observation-2295.html"}],"nameUrl":"Observation-2295.html","title":"2295","generation":"generated"},{"extension":[{"url":"http://hl7.org/fhir/tools/StructureDefinition/ig-page-name","valueUrl":"Observation-2297.html"}],"nameUrl":"Observation-2297.html","title":"2297","generation":"generated"},{"extension":[{"url":"http://hl7.org/fhir/tools/StructureDefinition/ig-page-name","valueUrl":"Observation-2299.html"}],"nameUrl":"Observation-2299.html","title":"2299","generation":"generated"},{"extension":[{"url":"http://hl7.org/fhir/tools/StructureDefinition/ig-page-name","valueUrl":"Observation-2312.html"}],"nameUrl":"Observation-2312.html","title":"2312","generation":"generated"},{"extension":[{"url":"http://hl7.org/fhir/tools/StructureDefinition/ig-page-name","valueUrl":"Observation-2317.html"}],"nameUrl":"Observation-2317.html","title":"2317","generation":"generated"},{"extension":[{"url":"http://hl7.org/fhir/tools/StructureDefinition/ig-page-name","valueUrl":"Observation-2319.html"}],"nameUrl":"Observation-2319.html","title":"2319","generation":"generated"}]}]},"parameter":[{"code":"path-resource","value":"input/capabilities"},{"code":"path-resource","value":"input/examples"},{"code":"path-resource","value":"input/extensions"},{"code":"path-resource","value":"input/models"},{"code":"path-resource","value":"input/operations"},{"code":"path-resource","value":"input/profiles"},{"code":"path-resource","value":"input/resources"},{"code":"path-resource","value":"input/vocabulary"},{"code":"path-resource","value":"input/maps"},{"code":"path-resource","value":"input/testing"},{"code":"path-resource","value":"input/history"},{"code":"path-resource","value":"fsh-generated/resources"},{"code":"path-pages","value":"template/config"},{"code":"path-pages","value":"input/images"},{"code":"path-tx-cache","value":"input-cache/txcache"}]}}