{
  "resourceType" : "Observation",
  "id" : "2299",
  "meta" : {
    "versionId" : "1",
    "lastUpdated" : "2023-02-20T10:56:56.307+00:00",
    "source" : "#b2VHeqXZKp9eUQnB",
    "profile" : ["https://up.smilecdr.com:8000/StructureDefinition/2298"]
  },
  "text" : {
    "status" : "generated",
    "div" : "<div xmlns=\"http://www.w3.org/1999/xhtml\"><p><b>Generated Narrative: Observation</b><a name=\"2299\"> </a></p><div style=\"display: inline-block; background-color: #d9e0e7; padding: 6px; margin: 4px; border: 1px solid #8da1b4; border-radius: 5px; line-height: 60%\"><p style=\"margin-bottom: 0px\">Resource Observation &quot;2299&quot; Version &quot;1&quot; Updated &quot;2023-02-20 10:56:56+0000&quot; </p><p style=\"margin-bottom: 0px\">Information Source: #b2VHeqXZKp9eUQnB!</p><p style=\"margin-bottom: 0px\">Profile: <code>https://up.smilecdr.com:8000/StructureDefinition/2298</code></p></div><p><b>status</b>: final</p><p><b>category</b>: Social History <span style=\"background: LightGoldenRodYellow; margin: 4px; border: 1px solid khaki\"> (<a href=\"http://terminology.hl7.org/5.3.0/CodeSystem-observation-category.html\">Observation Category Codes</a>#social-history)</span></p><p><b>code</b>: Sexual activity with a female in the past year <span style=\"background: LightGoldenRodYellow; margin: 4px; border: 1px solid khaki\"> (<a href=\"https://loinc.org/\">LOINC</a>#83315-2)</span></p><p><b>subject</b>: <a href=\"Patient/POC1\">Patient/POC1</a></p><p><b>effective</b>: 2022-04-28</p><p><b>value</b>: Yes <span style=\"background: LightGoldenRodYellow; margin: 4px; border: 1px solid khaki\"> (<a href=\"https://browser.ihtsdotools.org/\">SNOMED CT</a>#373066001)</span></p></div>"
  },
  "status" : "final",
  "category" : [{
    "coding" : [{
      "system" : "http://terminology.hl7.org/CodeSystem/observation-category",
      "code" : "social-history",
      "display" : "Social History"
    }]
  }],
  "code" : {
    "coding" : [{
      "system" : "http://loinc.org",
      "code" : "83315-2",
      "display" : "Sexual activity with a female in the past year"
    }]
  },
  "subject" : {
    "reference" : "Patient/POC1"
  },
  "effectiveDateTime" : "2022-04-28",
  "valueCodeableConcept" : {
    "coding" : [{
      "system" : "http://snomed.info/sct",
      "code" : "373066001",
      "display" : "Yes"
    }]
  }
}